<?xml version="1.0" encoding="UTF-8"?>
<metadata xml:lang="en"><Esri><CreaDate>20190120</CreaDate><CreaTime>11345500</CreaTime><ArcGISFormat>1.0</ArcGISFormat><SyncOnce>TRUE</SyncOnce><DataProperties><lineage><Process ToolSource="c:\program files (x86)\arcgis\desktop10.5\ArcToolbox\Toolboxes\Data Management Tools.tbx\CalculateField" Date="20190120" Time="113455">CalculateField Chainage_Dharmapasha_1km_Interval_v3 OfsetX 200 VB #</Process><Process ToolSource="c:\program files (x86)\arcgis\desktop10.5\ArcToolbox\Toolboxes\Data Management Tools.tbx\CalculateField" Date="20190120" Time="113526">CalculateField Chainage_Dharmapasha_1km_Interval_v3 OfsetY -200 VB #</Process></lineage></DataProperties></Esri></metadata>
