<?xml version="1.0" encoding="UTF-8"?>
<metadata xml:lang="en"><Esri><CreaDate>20201015</CreaDate><CreaTime>11471100</CreaTime><ArcGISFormat>1.0</ArcGISFormat><ArcGISstyle>ISO 19139 Metadata Implementation Specification</ArcGISstyle><SyncOnce>FALSE</SyncOnce><SyncDate>20151117</SyncDate><SyncTime>08224600</SyncTime><ModDate>20151117</ModDate><ModTime>08224600</ModTime><DataProperties><itemProps><itemSize Sync="TRUE">0.180</itemSize></itemProps><lineage><Process ToolSource="e:\program files (x86)\arcgis\desktop10.3\ArcToolbox\Toolboxes\Data Management Tools.tbx\CalculateField" Date="20151203" Time="141937">CalculateField "Hour Boundary" NAME "Boro Haor (Nikli)" VB #</Process><Process ToolSource="e:\program files (x86)\arcgis\desktop10.3\ArcToolbox\Toolboxes\Data Management Tools.tbx\CalculateField" Date="20151203" Time="142005">CalculateField "Hour Boundary" NAME "Boro Haor (Nikli)" VB #</Process><Process ToolSource="e:\program files (x86)\arcgis\desktop10.3\ArcToolbox\Toolboxes\Data Management Tools.tbx\CalculateField" Date="20151207" Time="150250">CalculateField haorbnd_proposed_new_V2 NAME "Nunnir Haor (Area - B)" VB #</Process><Process ToolSource="e:\program files (x86)\arcgis\desktop10.3\ArcToolbox\Toolboxes\Data Management Tools.tbx\CalculateField" Date="20151207" Time="164202">CalculateField haorbnd_proposed_new_V2 NAME "Boro Haor (Nikli)" VB #</Process><Process ToolSource="e:\program files (x86)\arcgis\desktop10.3\ArcToolbox\Toolboxes\Data Management Tools.tbx\CalculateField" Date="20151207" Time="164223">CalculateField haorbnd_proposed_new_V2 REMARKS "Extnded Alignment" VB #</Process><Process ToolSource="e:\program files (x86)\arcgis\desktop10.3\ArcToolbox\Toolboxes\Data Management Tools.tbx\CalculateField" Date="20151207" Time="164520">CalculateField haorbnd_proposed_new_V2 NAME "Naogaon Haor (Area - A)" VB #</Process><Process ToolSource="e:\program files (x86)\arcgis\desktop10.3\ArcToolbox\Toolboxes\Data Management Tools.tbx\CalculateField" Date="20151207" Time="164539">CalculateField haorbnd_proposed_new_V2 NAME "Naogaon Haor (Area - B)" VB #</Process><Process ToolSource="e:\program files (x86)\arcgis\desktop10.3\ArcToolbox\Toolboxes\Data Management Tools.tbx\CalculateField" Date="20151215" Time="105951">CalculateField haorbnd_proposed_new NAME "Nunnir Haor (Area - A)" VB #</Process><Process ToolSource="e:\program files (x86)\arcgis\desktop10.3\ArcToolbox\Toolboxes\Data Management Tools.tbx\CalculateField" Date="20151215" Time="110026">CalculateField haorbnd_proposed_new NAME "Nunnir Haor (Area - B)" VB #</Process><Process ToolSource="e:\program files (x86)\arcgis\desktop10.3\ArcToolbox\Toolboxes\Data Management Tools.tbx\CalculateField" Date="20151215" Time="110047">CalculateField haorbnd_proposed_new NAME "Nunnir Haor (Area - C)" VB #</Process><Process ToolSource="e:\program files (x86)\arcgis\desktop10.3\ArcToolbox\Toolboxes\Data Management Tools.tbx\CalculateField" Date="20151219" Time="111309">CalculateField haorbnd_proposed_new_V6 NAME "Nunnir Haor (Area - A)" VB #</Process><Process ToolSource="c:\program files (x86)\arcgis\desktop10.1\ArcToolbox\Toolboxes\Data Management Tools.tbx\CalculateField" Date="20160111" Time="095320">CalculateField haorbnd_proposed_new.shp Route_ID "Show in Map" VB #</Process><Process ToolSource="c:\program files (x86)\arcgis\desktop10.1\ArcToolbox\Toolboxes\Data Management Tools.tbx\CalculateField" Date="20160111" Time="095616">CalculateField haorbnd_proposed_new.shp Status "Not Show" VB #</Process><Process ToolSource="c:\program files (x86)\arcgis\desktop10.1\ArcToolbox\Toolboxes\Data Management Tools.tbx\CalculateField" Date="20160111" Time="095908">CalculateField haorbnd_proposed_new.shp Status "Show" VB #</Process><Process ToolSource="c:\program files (x86)\arcgis\desktop10.1\ArcToolbox\Toolboxes\Data Management Tools.tbx\CalculateField" Date="20160111" Time="095936">CalculateField haorbnd_proposed_new.shp Status "Show" VB #</Process><Process ToolSource="c:\program files (x86)\arcgis\desktop10.1\ArcToolbox\Toolboxes\Data Management Tools.tbx\CalculateField" Date="20160111" Time="110508">CalculateField Haor_Boundary_Proposed Status "Show" VB #</Process><Process ToolSource="c:\program files (x86)\arcgis\desktop10.1\ArcToolbox\Toolboxes\Data Management Tools.tbx\CalculateField" Date="20160111" Time="110557">CalculateField Haor_Boundary_Proposed Status "Show in Map" VB #</Process><Process ToolSource="c:\program files (x86)\arcgis\desktop10.1\ArcToolbox\Toolboxes\Data Management Tools.tbx\CalculateField" Date="20160111" Time="111924">CalculateField Haor_Boundary_Proposed_Nunnir_Haor REMARKS [Status] VB #</Process><Process ToolSource="c:\program files (x86)\arcgis\desktop10.1\ArcToolbox\Toolboxes\Data Management Tools.tbx\CalculateField" Date="20160111" Time="112021">CalculateField Haor_Boundary_Proposed_Nunnir_Haor Remarks [Status] VB #</Process></lineage></DataProperties></Esri><history><log><item><changeset>0</changeset><changetype>Data</changetype><user>user-PC\AEH</user><date>11/17/2015 7:58:43 AM</date><comment></comment></item><item><changeset>1</changeset><changetype>Data</changetype><user>user-PC\AEH</user><date>11/17/2015 8:07:38 AM</date><comment></comment></item><item><changeset>2</changeset><changetype>Data</changetype><user>user-PC\AEH</user><date>11/17/2015 8:22:46 AM</date><comment></comment></item></log></history><distInfo><distTranOps><transSize Sync="TRUE">0.180</transSize></distTranOps></distInfo></metadata>
