<?xml version="1.0" encoding="UTF-8"?>
<metadata xml:lang="en"><Esri><CreaDate>20201015</CreaDate><CreaTime>11280800</CreaTime><ArcGISFormat>1.0</ArcGISFormat><SyncOnce>TRUE</SyncOnce><DataProperties><lineage><Process ToolSource="c:\program files (x86)\arcgis\desktop10.3\ArcToolbox\Toolboxes\Data Management Tools.tbx\Project" Date="20170301" Time="123416">Project New_Alignment\Polylines D:\P0028\51741_JICA_Haor\Dharmapasha_Haor\GIS_Data\Shape\Haor_Boundary\Haor_Boundary_line.shp PROJCS['BTM_IWM',GEOGCS['GCS_Everest_Bangladesh',DATUM['D_Everest_Bangladesh',SPHEROID['Everest_Adjustment_1937',6377276.345,300.8017]],PRIMEM['Greenwich',0.0],UNIT['Degree',0.0174532925199433]],PROJECTION['Transverse_Mercator'],PARAMETER['False_Easting',500000.0],PARAMETER['False_Northing',-2000000.0],PARAMETER['Central_Meridian',90.0],PARAMETER['Scale_Factor',0.9996],PARAMETER['Latitude_Of_Origin',0.0],UNIT['Meter',1.0]] btm2wgs GEOGCS['GCS_WGS_1984',DATUM['D_WGS_1984',SPHEROID['WGS_1984',6378137.0,298.257223563]],PRIMEM['Greenwich',0.0],UNIT['Degree',0.0174532925199433]] NO_PRESERVE_SHAPE #</Process></lineage></DataProperties></Esri></metadata>
