<?xml version="1.0" encoding="UTF-8"?>
<metadata xml:lang="en"><Esri><CreaDate>20201015</CreaDate><CreaTime>11411300</CreaTime><ArcGISFormat>1.0</ArcGISFormat><SyncOnce>TRUE</SyncOnce><DataProperties><lineage><Process ToolSource="c:\program files\arcgis\desktop10.3\ArcToolbox\Toolboxes\Data Management Tools.tbx\CalculateField" Date="20160419" Time="134554">CalculateField Naogoan_Haor_Chainage_Part_a_1000m Chainage_k "[chainage] /1000" VB #</Process><Process ToolSource="c:\program files\arcgis\desktop10.3\ArcToolbox\Toolboxes\Data Management Tools.tbx\CalculateField" Date="20160424" Time="120807">CalculateField Naogoan_Haor_Chainage_Part_a_1000m Chainage_k "[chainage] /1000" VB #</Process></lineage></DataProperties></Esri></metadata>
