<?xml version="1.0" encoding="UTF-8"?>
<metadata xml:lang="en"><Esri><CreaDate>20201015</CreaDate><CreaTime>11413300</CreaTime><ArcGISFormat>1.0</ArcGISFormat><SyncOnce>TRUE</SyncOnce><DataProperties><lineage><Process ToolSource="c:\program files\arcgis\desktop10.3\ArcToolbox\Toolboxes\Data Management Tools.tbx\CalculateField" Date="20160419" Time="134322">CalculateField Naogoan_Haor_Chainage_Part_b_1000m Remarks "in" VB #</Process><Process ToolSource="c:\program files\arcgis\desktop10.3\ArcToolbox\Toolboxes\Data Management Tools.tbx\CalculateField" Date="20160419" Time="134638">CalculateField Naogoan_Haor_Chainage_Part_b_1000m Chaiange_k "[Chainage] /1000" VB #</Process><Process ToolSource="c:\program files\arcgis\desktop10.3\ArcToolbox\Toolboxes\Data Management Tools.tbx\CalculateField" Date="20160605" Time="113720">CalculateField Naogoan_Haor_Chainage_Part_b_1000m Chaiange_k "[Chainage] /1000" VB #</Process><Process ToolSource="c:\program files (x86)\arcgis\desktop10.3\ArcToolbox\Toolboxes\Data Management Tools.tbx\CalculateField" Date="20191209" Time="103340">CalculateField Naogoan_Haor_Chainage_Part_b_1000m Chn_Km [Chaiange_k] VB #</Process></lineage></DataProperties></Esri></metadata>
