,invoice_id
0,12266
1,12267
2,12268
3,12269
4,12270
5,12271
6,12272
7,12273
8,12274
9,12275
10,12276
11,12277
12,12278
13,12279
14,12280
15,12281
16,12282
17,12283
18,12284
19,12285
20,12286
21,12287
22,12288
23,12289
24,12290
25,12291
26,12292
27,12293
28,12294
29,12295
30,12296
31,12297
32,12298
33,12299
34,12300
35,12301
36,12302
37,12303
38,12304
39,12305
40,12306
41,12307
42,12308
43,12309
44,12310
45,12311
46,12312
47,12313
48,12314
49,12315
50,12316
51,12317
52,12318
53,12319
54,12320
55,12321
56,12322
57,12323
58,12324
59,12325
60,12326
61,12327
62,12328
63,12329
64,12330
65,12331
66,12332
67,12333
68,12334
69,12335
70,12336
71,12337
72,12338
73,12339
74,12340
75,12341
76,12342
77,12343
78,12344
79,12345
80,12346
81,12347
82,12348
83,12349
84,12350
85,12351
86,12352
87,12353
88,12354
89,12355
90,12356
91,12357
92,12358
93,12359
94,12360
95,12361
96,12362
97,12363
98,12364
99,12365
100,12366
101,12367
102,12368
103,12369
104,12370
105,12371
106,12372
107,12373
108,12374
109,12375
110,12376
111,12377
112,12378
113,12379
114,12380
115,12381
116,12382
117,12383
118,12384
119,12385
120,12386
121,12387
122,12388
123,12389
124,12390
125,12391
126,12392
127,12393
128,12394
129,12395
130,12396
131,12397
132,12398
133,12399
134,12400
135,12401
136,12402
137,12403
138,12404
139,12405
140,12406
141,12407
142,12408
143,12409
144,12410
145,12411
146,12412
147,12413
148,12414
149,12415
150,12416
151,12417
152,12418
153,12419
154,12420
155,12421
