[{"model": "progress.district", "pk": 1, "fields": {"name": "Kishoreganj"}}, {"model": "progress.district", "pk": 2, "fields": {"name": "Netrokona"}}, {"model": "progress.district", "pk": 3, "fields": {"name": "Sunamgonj"}}, {"model": "progress.district", "pk": 4, "fields": {"name": "Hobiganj"}}, {"model": "progress.division", "pk": 1, "fields": {"division_name": "Kishoreganj WD Division", "district": 1, "div_address": null, "div_phone": ""}}, {"model": "progress.division", "pk": 3, "fields": {"division_name": "Netrokona O&M Division", "district": 2, "div_address": null, "div_phone": ""}}, {"model": "progress.division", "pk": 4, "fields": {"division_name": "Sunamgonj O&M Division-1", "district": 3, "div_address": null, "div_phone": ""}}, {"model": "progress.division", "pk": 5, "fields": {"division_name": "Sunamgonj O&M Division-2", "district": 3, "div_address": null, "div_phone": ""}}, {"model": "progress.division", "pk": 6, "fields": {"division_name": "Hobiganj O&M Division", "district": 4, "div_address": null, "div_phone": ""}}, {"model": "progress.contractor", "pk": 1, "fields": {"farm_name": "AKA-UCL(JV)", "first_name": "XXX", "last_name": "YYY", "phone_number": "+8801971812157", "email": "joadali58@gmail.com", "address": null, "tradelicense": null, "Vat_registration": null, "TIN_No": null, "egp_id": "", "national_id": ""}}, {"model": "progress.contractor", "pk": 2, "fields": {"farm_name": "ARC-LT-JV", "first_name": "XXX", "last_name": "YYY", "phone_number": "+8801711171577", "email": "arcltjv1@gmail.com", "address": null, "tradelicense": null, "Vat_registration": null, "TIN_No": null, "egp_id": "", "national_id": ""}}, {"model": "progress.contractor", "pk": 3, "fields": {"farm_name": "PMPL-LA-TTSL (JV)", "first_name": "XXX", "last_name": "333", "phone_number": "+8801531269142", "email": "pmpllattsljv@gmail.com", "address": null, "tradelicense": null, "Vat_registration": null, "TIN_No": null, "egp_id": "", "national_id": ""}}, {"model": "progress.contractor", "pk": 4, "fields": {"farm_name": "MARCO-MONIR(JV)", "first_name": "XXX", "last_name": "444", "phone_number": "+8801711161835", "email": "nirjv@yahoo.com", "address": null, "tradelicense": null, "Vat_registration": null, "TIN_No": null, "egp_id": "", "national_id": ""}}, {"model": "progress.contractor", "pk": 5, "fields": {"farm_name": "ARC-GE(JV)", "first_name": "XXX", "last_name": "YYY", "phone_number": "+8801711171577", "email": "mdruhulamin1968@gmail.com", "address": "Badurtola,Comilla", "tradelicense": null, "Vat_registration": null, "TIN_No": null, "egp_id": "", "national_id": ""}}, {"model": "progress.contractor", "pk": 7, "fields": {"farm_name": "TI-FB JV", "first_name": "xxx", "last_name": "xxx", "phone_number": "+8801712201481", "email": "tifbjv@gmail.com", "address": null, "tradelicense": null, "Vat_registration": null, "TIN_No": null, "egp_id": "", "national_id": ""}}, {"model": "progress.haor", "pk": 1, "fields": {"name": "Boro Haor Project", "area": null, "project_type": "New", "population": "0"}}, {"model": "progress.haor", "pk": 2, "fields": {"name": "Naogaon Haor Project", "area": null, "project_type": "New", "population": "0"}}, {"model": "progress.haor", "pk": 3, "fields": {"name": "Jaliar Haor Project", "area": null, "project_type": "New", "population": "0"}}, {"model": "progress.haor", "pk": 4, "fields": {"name": "Dharmapasha Rui Beel Project", "area": null, "project_type": "New", "population": "0"}}, {"model": "progress.haor", "pk": 5, "fields": {"name": "Chandpur Haor Project", "area": null, "project_type": "New", "population": "0"}}, {"model": "progress.haor", "pk": 6, "fields": {"name": "Suniar Haor Project", "area": null, "project_type": "New", "population": "0"}}, {"model": "progress.haor", "pk": 7, "fields": {"name": "Badla Haor Project", "area": null, "project_type": "New", "population": "0"}}, {"model": "progress.haor", "pk": 8, "fields": {"name": "Nunnir Haor Project", "area": null, "project_type": "New", "population": "0"}}, {"model": "progress.haor", "pk": 9, "fields": {"name": "Dakhshiner Haor Project", "area": null, "project_type": "New", "population": "0"}}, {"model": "progress.haor", "pk": 10, "fields": {"name": "Chatal Haor Project", "area": null, "project_type": "New", "population": "0"}}, {"model": "progress.haor", "pk": 11, "fields": {"name": "Ganesh Haor Project", "area": null, "project_type": "New", "population": "0"}}, {"model": "progress.haor", "pk": 12, "fields": {"name": "Dhakua Haor Project", "area": null, "project_type": "New", "population": "0"}}, {"model": "progress.haor", "pk": 13, "fields": {"name": "Mokhar Haor Project", "area": null, "project_type": "New", "population": "0"}}, {"model": "progress.haor", "pk": 14, "fields": {"name": "Noapara Haor Project", "area": null, "project_type": "New", "population": "0"}}, {"model": "progress.haor", "pk": 15, "fields": {"name": "Dampara Water Management Scheme", "area": null, "project_type": "Old", "population": "0"}}, {"model": "progress.haor", "pk": 16, "fields": {"name": "Kangsa River Scheme", "area": null, "project_type": "Old", "population": "0"}}, {"model": "progress.haor", "pk": 17, "fields": {"name": "Singer Beel Scheme", "area": null, "project_type": "Old", "population": "0"}}, {"model": "progress.haor", "pk": 18, "fields": {"name": "Baraikhali Khal Scheme", "area": null, "project_type": "Old", "population": "0"}}, {"model": "progress.haor", "pk": 19, "fields": {"name": "Alalia-Bahadia Scheme", "area": null, "project_type": "Old", "population": "0"}}, {"model": "progress.haor", "pk": 20, "fields": {"name": "Modkhola Bhairagir char Sub-Project Scheme", "area": null, "project_type": "Old", "population": "0"}}, {"model": "progress.haor", "pk": 21, "fields": {"name": "Ganak khalli Sub-scheme", "area": null, "project_type": "Old", "population": "0"}}, {"model": "progress.haor", "pk": 22, "fields": {"name": "Kairdhala Ratna Scheme", "area": null, "project_type": "Old", "population": "0"}}, {"model": "progress.haor", "pk": 23, "fields": {"name": "Bahira River Scheme", "area": null, "project_type": "Old", "population": "0"}}, {"model": "progress.haor", "pk": 24, "fields": {"name": "Aralia Khal Scheme", "area": null, "project_type": "Old", "population": "0"}}, {"model": "progress.haor", "pk": 25, "fields": {"name": "Chandal Beel Scheme", "area": null, "project_type": "Old", "population": "0"}}, {"model": "progress.haor", "pk": 26, "fields": {"name": "Satdona Beel Scheme", "area": null, "project_type": "Old", "population": "0"}}, {"model": "progress.haor", "pk": 27, "fields": {"name": "Gangajuri FCD sub-project", "area": null, "project_type": "Old", "population": "0"}}, {"model": "progress.haor", "pk": 28, "fields": {"name": "Khaliajuri Polder #02 Scheme", "area": null, "project_type": "Old", "population": "0"}}, {"model": "progress.haor", "pk": 29, "fields": {"name": "Khaliajuri Polder #04 Scheme", "area": null, "project_type": "Old", "population": "0"}}, {"model": "progress.worktype", "pk": 1, "fields": {"wtype": "EMB"}}, {"model": "progress.worktype", "pk": 2, "fields": {"wtype": "SUBEMB"}}, {"model": "progress.worktype", "pk": 3, "fields": {"wtype": "EXKHL"}}, {"model": "progress.worktype", "pk": 4, "fields": {"wtype": "EXRIV"}}, {"model": "progress.worktype", "pk": 5, "fields": {"wtype": "REG"}}, {"model": "progress.worktype", "pk": 6, "fields": {"wtype": "CASW"}}, {"model": "progress.worktype", "pk": 7, "fields": {"wtype": "IRIN"}}, {"model": "progress.worktype", "pk": 8, "fields": {"wtype": "WMGO"}}, {"model": "progress.worktype", "pk": 9, "fields": {"wtype": "BOXSL"}}, {"model": "progress.contractcomponent", "pk": 1, "fields": {"component_name": "A"}}, {"model": "progress.contractcomponent", "pk": 2, "fields": {"component_name": "B"}}, {"model": "progress.contractcomponent", "pk": 3, "fields": {"component_name": "C"}}, {"model": "progress.contractcomponent", "pk": 4, "fields": {"component_name": "D"}}, {"model": "progress.contractcomponent", "pk": 5, "fields": {"component_name": "E"}}, {"model": "progress.contractcomponent", "pk": 6, "fields": {"component_name": "F"}}, {"model": "progress.contractcomponent", "pk": 7, "fields": {"component_name": "G"}}, {"model": "progress.contractcomponent", "pk": 8, "fields": {"component_name": "H"}}, {"model": "progress.contract", "pk": 1, "fields": {"package_short_name": "Package No W-02/Chandpur Haor", "package_detail_name": "Package No W-02/Chandpur Haor", "contractor_short_name": "FC-MGS-JV", "division_id": 1, "contractor_id": 1, "partner_contractor1_id": null, "partner_contractor2_id": null, "start_date": "2016-12-13", "finish_date": "2018-04-30", "extended_date": null, "contract_amount": null, "billed_amount": null, "estimated_amount": null, "physical_progress": null, "financial_progress": null, "xen_id": null, "sde_id": null, "so_id": null}}, {"model": "progress.contract", "pk": 2, "fields": {"package_short_name": "Package No W-03/Nunnir Haor", "package_detail_name": "Package No W-03/Nunnir Haor", "contractor_short_name": "ARC-LT(JV)", "division_id": 1, "contractor_id": 2, "partner_contractor1_id": null, "partner_contractor2_id": null, "start_date": "2017-01-15", "finish_date": "2018-04-30", "extended_date": null, "contract_amount": null, "billed_amount": null, "estimated_amount": null, "physical_progress": null, "financial_progress": null, "xen_id": null, "sde_id": null, "so_id": null}}, {"model": "progress.contract", "pk": 3, "fields": {"package_short_name": "Package No.-04/Nunnir Haor(Part B+C)", "package_detail_name": "Package No.-04/Nunnir Haor(Part B+C)", "contractor_short_name": "M/S. Amin &Co", "division_id": 1, "contractor_id": 2, "partner_contractor1_id": null, "partner_contractor2_id": null, "start_date": "2017-01-06", "finish_date": "2018-04-30", "extended_date": null, "contract_amount": null, "billed_amount": null, "estimated_amount": null, "physical_progress": null, "financial_progress": null, "xen_id": null, "sde_id": null, "so_id": null}}, {"model": "progress.contract", "pk": 4, "fields": {"package_short_name": "Package No.-05/NunnirHaor(Part-A& C)", "package_detail_name": "Package No.-05/NunnirHaor(Part-A& C)", "contractor_short_name": "SA-SI &Israt Enterprise JV", "division_id": 1, "contractor_id": 2, "partner_contractor1_id": null, "partner_contractor2_id": null, "start_date": "2017-01-15", "finish_date": "2018-04-30", "extended_date": null, "contract_amount": null, "billed_amount": null, "estimated_amount": null, "physical_progress": null, "financial_progress": null, "xen_id": null, "sde_id": null, "so_id": null}}, {"model": "progress.contract", "pk": 5, "fields": {"package_short_name": "Package No.-06/NunnirHaor(Part-A)", "package_detail_name": "Package No.-06/NunnirHaor(Part-A)", "contractor_short_name": "Binimoy Construction Company (JV)", "division_id": 1, "contractor_id": 2, "partner_contractor1_id": null, "partner_contractor2_id": null, "start_date": "2016-12-20", "finish_date": "2018-04-30", "extended_date": null, "contract_amount": null, "billed_amount": null, "estimated_amount": null, "physical_progress": null, "financial_progress": null, "xen_id": null, "sde_id": null, "so_id": null}}, {"model": "progress.contract", "pk": 6, "fields": {"package_short_name": "Package No.-07/Boro Haor", "package_detail_name": "Package No.-07/Boro Haor", "contractor_short_name": "M/S Liton Traders", "division_id": 1, "contractor_id": 2, "partner_contractor1_id": null, "partner_contractor2_id": null, "start_date": "2017-02-12", "finish_date": "2018-04-30", "extended_date": null, "contract_amount": null, "billed_amount": null, "estimated_amount": null, "physical_progress": null, "financial_progress": null, "xen_id": null, "sde_id": null, "so_id": null}}, {"model": "progress.contract", "pk": 7, "fields": {"package_short_name": "Package No.-13/NaogaonHaor(Part-A)", "package_detail_name": "Package No.-13/NaogaonHaor(Part-A)", "contractor_short_name": "M/S. Amin & Co", "division_id": 1, "contractor_id": 2, "partner_contractor1_id": null, "partner_contractor2_id": null, "start_date": "2017-01-06", "finish_date": "2018-04-30", "extended_date": null, "contract_amount": null, "billed_amount": null, "estimated_amount": null, "physical_progress": null, "financial_progress": null, "xen_id": null, "sde_id": null, "so_id": null}}, {"model": "progress.contract", "pk": 8, "fields": {"package_short_name": "Package No.-14/NaogaonHaor(Part-A)", "package_detail_name": "Package No.-14/NaogaonHaor(Part-A)", "contractor_short_name": "PMPL-TTSL (JV)", "division_id": 1, "contractor_id": 2, "partner_contractor1_id": null, "partner_contractor2_id": null, "start_date": "2019-02-21", "finish_date": "2019-02-21", "extended_date": null, "contract_amount": null, "billed_amount": null, "estimated_amount": null, "physical_progress": null, "financial_progress": null, "xen_id": null, "sde_id": null, "so_id": null}}, {"model": "progress.contract", "pk": 9, "fields": {"package_short_name": "Package No.-15/Naogaon Haor-Part-B", "package_detail_name": "Package No.-15/Naogaon Haor-Part-B", "contractor_short_name": "M/S Kamal Enterprise", "division_id": 1, "contractor_id": 2, "partner_contractor1_id": null, "partner_contractor2_id": null, "start_date": "2019-02-21", "finish_date": "2019-02-21", "extended_date": null, "contract_amount": null, "billed_amount": null, "estimated_amount": null, "physical_progress": null, "financial_progress": null, "xen_id": null, "sde_id": null, "so_id": null}}, {"model": "progress.contract", "pk": 10, "fields": {"package_short_name": "Package No.: PW-09/Boro Haor", "package_detail_name": "Package No.: PW-09/Boro Haor", "contractor_short_name": "ARC-GE(JV)", "division_id": 1, "contractor_id": 2, "partner_contractor1_id": null, "partner_contractor2_id": null, "start_date": "2019-02-21", "finish_date": "2019-02-21", "extended_date": null, "contract_amount": null, "billed_amount": null, "estimated_amount": null, "physical_progress": null, "financial_progress": null, "xen_id": null, "sde_id": null, "so_id": null}}, {"model": "progress.contract", "pk": 11, "fields": {"package_short_name": "Package No.: PW-10/Noapara Haor", "package_detail_name": "Package No.: PW-10/Noapara Haor", "contractor_short_name": "MARCO-MONIR(JV)", "division_id": 1, "contractor_id": 2, "partner_contractor1_id": null, "partner_contractor2_id": null, "start_date": "2019-02-21", "finish_date": "2019-02-21", "extended_date": null, "contract_amount": null, "billed_amount": null, "estimated_amount": null, "physical_progress": null, "financial_progress": null, "xen_id": null, "sde_id": null, "so_id": null}}, {"model": "progress.contract", "pk": 12, "fields": {"package_short_name": "Package No.-11/Noapara Haor", "package_detail_name": "Package No.-11/Noapara Haor", "contractor_short_name": "MARCO-MONIR(JV)", "division_id": 1, "contractor_id": 2, "partner_contractor1_id": null, "partner_contractor2_id": null, "start_date": "2019-02-21", "finish_date": "2019-02-21", "extended_date": null, "contract_amount": null, "billed_amount": null, "estimated_amount": null, "physical_progress": null, "financial_progress": null, "xen_id": null, "sde_id": null, "so_id": null}}, {"model": "progress.contract", "pk": 13, "fields": {"package_short_name": "Package No.-16/ NaogaonHaor-Part-B", "package_detail_name": "Package No.-16/ NaogaonHaor-Part-B", "contractor_short_name": "ARC-LT (JV)", "division_id": 1, "contractor_id": 2, "partner_contractor1_id": null, "partner_contractor2_id": null, "start_date": "2019-02-21", "finish_date": "2019-02-21", "extended_date": null, "contract_amount": null, "billed_amount": null, "estimated_amount": null, "physical_progress": null, "financial_progress": null, "xen_id": null, "sde_id": null, "so_id": null}}, {"model": "progress.contract", "pk": 14, "fields": {"package_short_name": "Package No.-17/ Naogaon Haor-Part-B", "package_detail_name": "Package No.-17/ Naogaon Haor-Part-B", "contractor_short_name": "AKA-UCL(JV)", "division_id": 1, "contractor_id": 2, "partner_contractor1_id": null, "partner_contractor2_id": null, "start_date": "2019-02-21", "finish_date": "2019-02-21", "extended_date": null, "contract_amount": null, "billed_amount": null, "estimated_amount": null, "physical_progress": null, "financial_progress": null, "xen_id": null, "sde_id": null, "so_id": null}}, {"model": "progress.contract", "pk": 15, "fields": {"package_short_name": "Package No.-24/ Dakshiner Haor", "package_detail_name": "Package No.-24/ Dakshiner Haor", "contractor_short_name": "FC-MS (JV)", "division_id": 1, "contractor_id": 2, "partner_contractor1_id": null, "partner_contractor2_id": null, "start_date": "2019-02-21", "finish_date": "2019-02-21", "extended_date": null, "contract_amount": null, "billed_amount": null, "estimated_amount": null, "physical_progress": null, "financial_progress": null, "xen_id": null, "sde_id": null, "so_id": null}}, {"model": "progress.contract", "pk": 16, "fields": {"package_short_name": "BWDB/ Kish/HFMLIP/PW-12 Noapara Haor", "package_detail_name": "BWDB/ Kish/HFMLIP/PW-12Noapara Haor", "contractor_short_name": "PMPL-LA-TTSL (JV)", "division_id": 1, "contractor_id": 2, "partner_contractor1_id": null, "partner_contractor2_id": null, "start_date": "2019-02-21", "finish_date": "2019-02-21", "extended_date": null, "contract_amount": null, "billed_amount": null, "estimated_amount": null, "physical_progress": null, "financial_progress": null, "xen_id": null, "sde_id": null, "so_id": null}}, {"model": "progress.contract", "pk": 17, "fields": {"package_short_name": "BWDB/Kish/HFMLIP/ PW-18 NaogaonHaor (Part A & B)", "package_detail_name": "BWDB/Kish/HFMLIP/ PW-18 NaogaonHaor (Part A & B)", "contractor_short_name": "FC-MS (JV)", "division_id": 1, "contractor_id": 2, "partner_contractor1_id": null, "partner_contractor2_id": null, "start_date": "2019-02-21", "finish_date": "2019-02-21", "extended_date": null, "contract_amount": null, "billed_amount": null, "estimated_amount": null, "physical_progress": null, "financial_progress": null, "xen_id": null, "sde_id": null, "so_id": null}}, {"model": "progress.contract", "pk": 18, "fields": {"package_short_name": "BWDB/ Kish/HFMLIP/PW-19 Naogaon Haor (Part A)", "package_detail_name": "BWDB/ Kish/HFMLIP/PW-19 Naogaon Haor (Part A)", "contractor_short_name": "LT-MC (JV)", "division_id": 1, "contractor_id": 2, "partner_contractor1_id": null, "partner_contractor2_id": null, "start_date": "2019-02-21", "finish_date": "2019-02-21", "extended_date": null, "contract_amount": null, "billed_amount": null, "estimated_amount": null, "physical_progress": null, "financial_progress": null, "xen_id": null, "sde_id": null, "so_id": null}}, {"model": "progress.contract", "pk": 19, "fields": {"package_short_name": "BWDB/Kish/HFMLIP/ PW-20 Nunnir, Boro & Noapara Haor", "package_detail_name": "BWDB/Kish/HFMLIP/ PW-20 Nunnir, Boro & Noapara Haor", "contractor_short_name": "AS-MSS-MPE (JV)", "division_id": 1, "contractor_id": 2, "partner_contractor1_id": null, "partner_contractor2_id": null, "start_date": "2019-02-21", "finish_date": "2019-02-21", "extended_date": null, "contract_amount": null, "billed_amount": null, "estimated_amount": null, "physical_progress": null, "financial_progress": null, "xen_id": null, "sde_id": null, "so_id": null}}, {"model": "progress.contract", "pk": 20, "fields": {"package_short_name": "BWDB/Kish/HFMLIP/ PW-26 Sonai Haor ", "package_detail_name": "BWDB/Kish/HFMLIP/ PW-26 Sonai Haor ", "contractor_short_name": "MRC-GF (JV)", "division_id": 1, "contractor_id": 2, "partner_contractor1_id": null, "partner_contractor2_id": null, "start_date": "2019-02-21", "finish_date": "2019-02-21", "extended_date": null, "contract_amount": null, "billed_amount": null, "estimated_amount": null, "physical_progress": null, "financial_progress": null, "xen_id": null, "sde_id": null, "so_id": null}}, {"model": "progress.contract", "pk": 21, "fields": {"package_short_name": "BWDB/ Hobi/HFMLIP/PW-04 Mokhar Haor", "package_detail_name": "BWDB/ Hobi/HFMLIP/PW-04 Mokhar Haor", "contractor_short_name": "TI-FB (JV)", "division_id": 6, "contractor_id": 2, "partner_contractor1_id": null, "partner_contractor2_id": null, "start_date": "2019-02-21", "finish_date": "2019-02-21", "extended_date": null, "contract_amount": null, "billed_amount": null, "estimated_amount": null, "physical_progress": null, "financial_progress": null, "xen_id": null, "sde_id": null, "so_id": null}}, {"model": "progress.contract", "pk": 22, "fields": {"package_short_name": "BWDB/ Hobi/HFMLIP/PW-05 Mokhar Haor", "package_detail_name": "BWDB/ Hobi/HFMLIP/PW-05 Mokhar Haor", "contractor_short_name": "DAWN-MAMCL (JV)", "division_id": 6, "contractor_id": 2, "partner_contractor1_id": null, "partner_contractor2_id": null, "start_date": "2019-02-21", "finish_date": "2019-02-21", "extended_date": null, "contract_amount": null, "billed_amount": null, "estimated_amount": null, "physical_progress": null, "financial_progress": null, "xen_id": null, "sde_id": null, "so_id": null}}, {"model": "progress.contract", "pk": 23, "fields": {"package_short_name": "BWDB/ Hobi/HFMLIP/PW-06 Mokhar Haor", "package_detail_name": "BWDB/ Hobi/HFMLIP/PW-06 Mokhar Haor", "contractor_short_name": "SA-BTC (JV)", "division_id": 6, "contractor_id": 2, "partner_contractor1_id": null, "partner_contractor2_id": null, "start_date": "2019-02-21", "finish_date": "2019-02-21", "extended_date": null, "contract_amount": null, "billed_amount": null, "estimated_amount": null, "physical_progress": null, "financial_progress": null, "xen_id": null, "sde_id": null, "so_id": null}}, {"model": "progress.contract", "pk": 24, "fields": {"package_short_name": "BWDB/Hobi/HFMLIP/PW-07 Mokhar Haor", "package_detail_name": "BWDB/Hobi/HFMLIP/PW-07 Mokhar Haor", "contractor_short_name": "Tazul-Noona (JV)", "division_id": 6, "contractor_id": 2, "partner_contractor1_id": null, "partner_contractor2_id": null, "start_date": "2019-02-21", "finish_date": "2019-02-21", "extended_date": null, "contract_amount": null, "billed_amount": null, "estimated_amount": null, "physical_progress": null, "financial_progress": null, "xen_id": null, "sde_id": null, "so_id": null}}, {"model": "progress.contract", "pk": 25, "fields": {"package_short_name": "BWDB/ Netr/HFMLIP/PW-01 Dampara & Singer Beel (Re-hab. Haor)", "package_detail_name": "BWDB/ Netr/HFMLIP/PW-01 Dampara & Singer Beel (Re-hab. Haor)", "contractor_short_name": "WE-BC-MMB (JV)", "division_id": 3, "contractor_id": 2, "partner_contractor1_id": null, "partner_contractor2_id": null, "start_date": "2019-02-21", "finish_date": "2019-02-21", "extended_date": null, "contract_amount": null, "billed_amount": null, "estimated_amount": null, "physical_progress": null, "financial_progress": null, "xen_id": null, "sde_id": null, "so_id": null}}, {"model": "progress.contract", "pk": 26, "fields": {"package_short_name": "BWDB/ Netr/HFMLIP/ PW-07 (New Haor) Dharmapasha", "package_detail_name": "BWDB/ Netr/HFMLIP/ PW-07 (New Haor) Dharmapasha", "contractor_short_name": "WE-BC-MMB (JV)", "division_id": 3, "contractor_id": 2, "partner_contractor1_id": null, "partner_contractor2_id": null, "start_date": "2019-02-21", "finish_date": "2019-02-21", "extended_date": null, "contract_amount": null, "billed_amount": null, "estimated_amount": null, "physical_progress": null, "financial_progress": null, "xen_id": null, "sde_id": null, "so_id": null}}, {"model": "progress.contract", "pk": 27, "fields": {"package_short_name": "BWDB/Netr/HFMLIP/ PW-02 (Dampara, Kangsho& Singer Beel)", "package_detail_name": "BWDB/Netr/HFMLIP/ PW-02 (Dampara, Kangsho& Singer Beel)", "contractor_short_name": "WE-BC (JV)", "division_id": 3, "contractor_id": 2, "partner_contractor1_id": null, "partner_contractor2_id": null, "start_date": "2019-02-21", "finish_date": "2019-02-21", "extended_date": null, "contract_amount": null, "billed_amount": null, "estimated_amount": null, "physical_progress": null, "financial_progress": null, "xen_id": null, "sde_id": null, "so_id": null}}, {"model": "progress.contract", "pk": 28, "fields": {"package_short_name": "BWDB/Netr/ HFMLIP/ PW-03 (Dampara, Kangsho& Singer Beel)", "package_detail_name": "BWDB/Netr/ HFMLIP/ PW-03 (Dampara, Kangsho& Singer Beel)", "contractor_short_name": "WE-BC (JV)", "division_id": 3, "contractor_id": 2, "partner_contractor1_id": null, "partner_contractor2_id": null, "start_date": "2019-02-21", "finish_date": "2019-02-21", "extended_date": null, "contract_amount": null, "billed_amount": null, "estimated_amount": null, "physical_progress": null, "financial_progress": null, "xen_id": null, "sde_id": null, "so_id": null}}, {"model": "progress.contract", "pk": 29, "fields": {"package_short_name": "BWDB/Kish/HFMLIP/ PW-25 Dakshiner Haor ", "package_detail_name": "BWDB/Kish/HFMLIP/ PW-25 Dakshiner Haor ", "contractor_short_name": "MS-RE (JV)", "division_id": 1, "contractor_id": null, "partner_contractor1_id": null, "partner_contractor2_id": null, "start_date": "2019-02-21", "finish_date": "2019-02-21", "extended_date": null, "contract_amount": null, "billed_amount": null, "estimated_amount": null, "physical_progress": null, "financial_progress": null, "xen_id": null, "sde_id": null, "so_id": null}}, {"model": "progress.contract", "pk": 30, "fields": {"package_short_name": "BWDB/Kish/HFMLIP/ PW-22 Badla Haor ", "package_detail_name": "BWDB/Kish/HFMLIP/ PW-22 Badla Haor ", "contractor_short_name": "FC-A & Co. (JV)", "division_id": 1, "contractor_id": null, "partner_contractor1_id": null, "partner_contractor2_id": null, "start_date": "2019-02-21", "finish_date": "2019-02-21", "extended_date": null, "contract_amount": null, "billed_amount": null, "estimated_amount": null, "physical_progress": null, "financial_progress": null, "xen_id": null, "sde_id": null, "so_id": null}}, {"model": "progress.contract", "pk": 31, "fields": {"package_short_name": "BWDB/Kish/HFMLIP/ PW-23 Chatal Haor ", "package_detail_name": "BWDB/Kish/HFMLIP/ PW-23 Chatal Haor ", "contractor_short_name": "AKA-UCL(JV)", "division_id": 1, "contractor_id": null, "partner_contractor1_id": null, "partner_contractor2_id": null, "start_date": "2019-02-21", "finish_date": "2019-02-21", "extended_date": null, "contract_amount": null, "billed_amount": null, "estimated_amount": null, "physical_progress": null, "financial_progress": null, "xen_id": null, "sde_id": null, "so_id": null}}, {"model": "progress.contract", "pk": 32, "fields": {"package_short_name": "BWDB/Hobi/HFMLIP/PW-01 Bashira River", "package_detail_name": "BWDB/Hobi/HFMLIP/PW-01 Bashira River", "contractor_short_name": "Noona-HB (JV)", "division_id": 6, "contractor_id": null, "partner_contractor1_id": null, "partner_contractor2_id": null, "start_date": "2019-02-21", "finish_date": "2019-02-21", "extended_date": null, "contract_amount": null, "billed_amount": null, "estimated_amount": null, "physical_progress": null, "financial_progress": null, "xen_id": null, "sde_id": null, "so_id": null}}, {"model": "progress.contract", "pk": 33, "fields": {"package_short_name": "BWDB/Hobi/HFMLIP/PW-02 Aralia Khal", "package_detail_name": "BWDB/Hobi/HFMLIP/PW-02 Aralia Khal", "contractor_short_name": "HU-AS (JV)", "division_id": 6, "contractor_id": null, "partner_contractor1_id": null, "partner_contractor2_id": null, "start_date": "2019-02-21", "finish_date": "2019-02-21", "extended_date": null, "contract_amount": null, "billed_amount": null, "estimated_amount": null, "physical_progress": null, "financial_progress": null, "xen_id": null, "sde_id": null, "so_id": null}}, {"model": "progress.contract", "pk": 34, "fields": {"package_short_name": "BWDB/ Netr/ HFMLIP/ PW-04 Khalijuri Polder-2 & Polder-4", "package_detail_name": "BWDB/ Netr/ HFMLIP/ PW-04 Khalijuri Polder-2 & Polder-4", "contractor_short_name": "Md. Yunus & Brothers", "division_id": 3, "contractor_id": null, "partner_contractor1_id": null, "partner_contractor2_id": null, "start_date": "2019-02-21", "finish_date": "2019-02-21", "extended_date": null, "contract_amount": null, "billed_amount": null, "estimated_amount": null, "physical_progress": null, "financial_progress": null, "xen_id": null, "sde_id": null, "so_id": null}}, {"model": "progress.contract", "pk": 35, "fields": {"package_short_name": "BWDB/ Netr/ HFMLIP/ PW-05 Ganesh Haor ", "package_detail_name": "BWDB/ Netr/ HFMLIP/ PW-05 Ganesh Haor ", "contractor_short_name": "Ataur Rahman Khan & Osim Shingh (JV)", "division_id": 3, "contractor_id": null, "partner_contractor1_id": null, "partner_contractor2_id": null, "start_date": "2019-02-21", "finish_date": "2019-02-21", "extended_date": null, "contract_amount": null, "billed_amount": null, "estimated_amount": null, "physical_progress": null, "financial_progress": null, "xen_id": null, "sde_id": null, "so_id": null}}, {"model": "progress.contract", "pk": 36, "fields": {"package_short_name": "BWDB/ Netr/ HFMLIP/ PW-06 Ganesh Haor ", "package_detail_name": "BWDB/ Netr/ HFMLIP/ PW-06 Ganesh Haor ", "contractor_short_name": "Md. Yunus & Brothers", "division_id": 3, "contractor_id": null, "partner_contractor1_id": null, "partner_contractor2_id": null, "start_date": "2019-02-21", "finish_date": "2019-02-21", "extended_date": null, "contract_amount": null, "billed_amount": null, "estimated_amount": null, "physical_progress": null, "financial_progress": null, "xen_id": null, "sde_id": null, "so_id": null}}, {"model": "progress.contract", "pk": 37, "fields": {"package_short_name": "BWDB/ SUNAM/HFMLIP/PW-01 Dhakua Haor (Division-2)", "package_detail_name": "BWDB/ SUNAM/HFMLIP/PW-01 Dhakua Haor (Division-2)", "contractor_short_name": "ARKL-AS(JV)", "division_id": 5, "contractor_id": null, "partner_contractor1_id": null, "partner_contractor2_id": null, "start_date": "2019-02-21", "finish_date": "2019-02-21", "extended_date": null, "contract_amount": null, "billed_amount": null, "estimated_amount": null, "physical_progress": null, "financial_progress": null, "xen_id": null, "sde_id": null, "so_id": null}}, {"model": "progress.contract", "pk": 38, "fields": {"package_short_name": "BWDB/ SUNAM/H FMLIP/PW-02 Dhakua Haor (Division-2) ", "package_detail_name": "BWDB/ SUNAM/H FMLIP/PW-02 Dhakua Haor (Division-2) ", "contractor_short_name": "ARKL-AS(JV)", "division_id": 5, "contractor_id": null, "partner_contractor1_id": null, "partner_contractor2_id": null, "start_date": "2019-02-21", "finish_date": "2019-02-21", "extended_date": null, "contract_amount": null, "billed_amount": null, "estimated_amount": null, "physical_progress": null, "financial_progress": null, "xen_id": null, "sde_id": null, "so_id": null}}, {"model": "progress.contract", "pk": 39, "fields": {"package_short_name": "BWDB/ SUNAM/H FMLIP/PW-03 Dharmapasha Rui Beel (Division-1)", "package_detail_name": "BWDB/ SUNAM/H FMLIP/PW-03 Dharmapasha Rui Beel (Division-1)", "contractor_short_name": "HB-TI (JV)", "division_id": 4, "contractor_id": null, "partner_contractor1_id": null, "partner_contractor2_id": null, "start_date": "2019-02-21", "finish_date": "2019-02-21", "extended_date": null, "contract_amount": null, "billed_amount": null, "estimated_amount": null, "physical_progress": null, "financial_progress": null, "xen_id": null, "sde_id": null, "so_id": null}}, {"model": "progress.contract", "pk": 40, "fields": {"package_short_name": "BWDB/ SUNAM/H FMLIP/PW-04 Dharmapasha Rui Beel (Division-1)", "package_detail_name": "BWDB/ SUNAM/H FMLIP/PW-04 Dharmapasha Rui Beel (Division-1)", "contractor_short_name": "ARKL-AS(JV)", "division_id": 4, "contractor_id": null, "partner_contractor1_id": null, "partner_contractor2_id": null, "start_date": "2019-02-21", "finish_date": "2019-02-21", "extended_date": null, "contract_amount": null, "billed_amount": null, "estimated_amount": null, "physical_progress": null, "financial_progress": null, "xen_id": null, "sde_id": null, "so_id": null}}, {"model": "progress.contract", "pk": 41, "fields": {"package_short_name": "BWDB/ SUNAM/H FMLIP/PW-06 Dharmapasha Rui Beel (Division-1)", "package_detail_name": "BWDB/ SUNAM/H FMLIP/PW-06 Dharmapasha Rui Beel (Division-1)", "contractor_short_name": "ARKL-AS(JV)", "division_id": 4, "contractor_id": null, "partner_contractor1_id": null, "partner_contractor2_id": null, "start_date": "2019-02-21", "finish_date": "2019-02-21", "extended_date": null, "contract_amount": null, "billed_amount": null, "estimated_amount": null, "physical_progress": null, "financial_progress": null, "xen_id": null, "sde_id": null, "so_id": null}}, {"model": "progress.dpp_intervention", "pk": 1, "fields": {"haor_id": 5, "name": "Submersible Embankment from 11.95 to 12.33=0.315 Km", "start_chainage": "11.950", "finish_chainage": "12.230", "length": "0.315", "volume": null, "vent_no": null, "dpp_cost": null, "worktype_id": 2}}, {"model": "progress.dpp_intervention", "pk": 2, "fields": {"haor_id": 1, "name": "Submersible Embankment from 0.000 to 38.130", "start_chainage": "0.000", "finish_chainage": "38.130", "length": "3.879", "volume": null, "vent_no": null, "dpp_cost": null, "worktype_id": 2}}, {"model": "progress.dpp_intervention", "pk": 4, "fields": {"haor_id": 8, "name": "Submersible Embankment from 7.366 to 17.749 Part-A", "start_chainage": "7.369", "finish_chainage": "17.749", "length": "10.383", "volume": null, "vent_no": null, "dpp_cost": null, "worktype_id": 2}}, {"model": "progress.dpp_intervention", "pk": 5, "fields": {"haor_id": 8, "name": "Submersible Embankment from 0.007 to 6.541 Part-B", "start_chainage": "0.007", "finish_chainage": "6.541", "length": "6.534", "volume": null, "vent_no": null, "dpp_cost": null, "worktype_id": 2}}, {"model": "progress.dpp_intervention", "pk": 6, "fields": {"haor_id": 8, "name": "Submersible Embankment from 0 to 19.377 Part-C", "start_chainage": "0.000", "finish_chainage": "19.377", "length": "12.214", "volume": null, "vent_no": null, "dpp_cost": null, "worktype_id": 2}}, {"model": "progress.dpp_intervention", "pk": 7, "fields": {"haor_id": 2, "name": "Submersible Embankment from 0 to 28.900 Part-A", "start_chainage": "0.000", "finish_chainage": "28.900", "length": "26.942", "volume": null, "vent_no": null, "dpp_cost": null, "worktype_id": 2}}, {"model": "progress.dpp_intervention", "pk": 8, "fields": {"haor_id": 2, "name": "Submersible Embankment from 0.000 to 44.200 Part-B", "start_chainage": "0.000", "finish_chainage": "44.200", "length": "36.104", "volume": null, "vent_no": null, "dpp_cost": null, "worktype_id": 2}}, {"model": "progress.dpp_intervention", "pk": 9, "fields": {"haor_id": 11, "name": "Submersible Embankment from 0 to 33.150", "start_chainage": "0.000", "finish_chainage": "33.150", "length": "2.380", "volume": null, "vent_no": null, "dpp_cost": null, "worktype_id": 2}}, {"model": "progress.dpp_intervention", "pk": 11, "fields": {"haor_id": 12, "name": "Submersible Embankment from 9.770 to 54.480", "start_chainage": "9.770", "finish_chainage": "54.480", "length": "23.170", "volume": null, "vent_no": null, "dpp_cost": null, "worktype_id": 2}}, {"model": "progress.dpp_intervention", "pk": 12, "fields": {"haor_id": 13, "name": "Submersible Embankment from 0.000 to 84.290", "start_chainage": "0.000", "finish_chainage": "84.290", "length": "23.815", "volume": null, "vent_no": null, "dpp_cost": null, "worktype_id": 2}}, {"model": "progress.dpp_intervention", "pk": 13, "fields": {"haor_id": 4, "name": "Submersible Embankment from 0.000 to 71.710", "start_chainage": "0.000", "finish_chainage": "71.710", "length": "42.050", "volume": null, "vent_no": null, "dpp_cost": null, "worktype_id": 2}}, {"model": "progress.dpp_intervention", "pk": 15, "fields": {"haor_id": 10, "name": "Submersible Embankment from 2.470 to 16.170", "start_chainage": "2.470", "finish_chainage": "16.170", "length": "4.510", "volume": null, "vent_no": null, "dpp_cost": null, "worktype_id": 2}}, {"model": "progress.dpp_intervention", "pk": 16, "fields": {"haor_id": 7, "name": "Submersible Embankment from 0.70 to 26.80", "start_chainage": "0.000", "finish_chainage": "26.800", "length": "20.940", "volume": null, "vent_no": null, "dpp_cost": null, "worktype_id": 2}}, {"model": "progress.dpp_intervention", "pk": 17, "fields": {"haor_id": 3, "name": "Submersible Embankment from 4.67 to 30.29", "start_chainage": "4.670", "finish_chainage": "30.290", "length": "0.315", "volume": null, "vent_no": null, "dpp_cost": null, "worktype_id": 2}}, {"model": "progress.dpp_intervention", "pk": 20, "fields": {"haor_id": 5, "name": "Construction of 2-vent Bata Khal Regulator at 12.09 km", "start_chainage": "12.090", "finish_chainage": "12.090", "length": "0.000", "volume": "0.000", "vent_no": 2, "dpp_cost": "0.000", "worktype_id": 5}}, {"model": "progress.dpp_intervention", "pk": 21, "fields": {"haor_id": 8, "name": "Construction of 1-vent Mahindra Khal Regulator", "start_chainage": "12.180", "finish_chainage": "12.180", "length": "0.000", "volume": "0.000", "vent_no": 1, "dpp_cost": "0.000", "worktype_id": 5}}, {"model": "progress.dpp_intervention", "pk": 22, "fields": {"haor_id": 8, "name": "1-Vent Regulator at Km2.62 in Nunnir Haor Project ", "start_chainage": "23.850", "finish_chainage": "23.850", "length": "0.000", "volume": "0.000", "vent_no": 1, "dpp_cost": "0.000", "worktype_id": 5}}, {"model": "progress.dpp_intervention", "pk": 23, "fields": {"haor_id": 8, "name": "1-Vent Regulator at Km3.2 in Nunnir Haor Project ", "start_chainage": "2.620", "finish_chainage": "2.620", "length": "0.000", "volume": "0.000", "vent_no": 1, "dpp_cost": "0.000", "worktype_id": 5}}, {"model": "progress.dpp_intervention", "pk": 24, "fields": {"haor_id": 8, "name": "3-Vent Regulator at Km0.78 in Nunnir Haor Project ", "start_chainage": "3.200", "finish_chainage": "3.200", "length": "0.000", "volume": "0.000", "vent_no": 3, "dpp_cost": "0.000", "worktype_id": 5}}, {"model": "progress.dpp_intervention", "pk": 25, "fields": {"haor_id": 8, "name": "4-Vent Regulator at Km15.3 in Nunnir Haor Project ", "start_chainage": "0.780", "finish_chainage": "0.780", "length": "0.000", "volume": "0.000", "vent_no": 4, "dpp_cost": "0.000", "worktype_id": 5}}, {"model": "progress.dpp_intervention", "pk": 26, "fields": {"haor_id": 8, "name": "4-Vent Regulator at Km14.1 in Nunnir Haor Project ", "start_chainage": "15.300", "finish_chainage": "15.300", "length": "0.000", "volume": "0.000", "vent_no": 4, "dpp_cost": "0.000", "worktype_id": 5}}, {"model": "progress.dpp_intervention", "pk": 27, "fields": {"haor_id": 1, "name": "1-Vent Regulator at Km17.1 in Boro Haor Project", "start_chainage": "14.100", "finish_chainage": "14.100", "length": "0.000", "volume": "0.000", "vent_no": 1, "dpp_cost": "0.000", "worktype_id": 5}}, {"model": "progress.dpp_intervention", "pk": 28, "fields": {"haor_id": 1, "name": "1-Vent Regulator at Km19.9 in Boro Haor Project", "start_chainage": "17.100", "finish_chainage": "17.100", "length": "0.000", "volume": "0.000", "vent_no": 1, "dpp_cost": "0.000", "worktype_id": 5}}, {"model": "progress.dpp_intervention", "pk": 29, "fields": {"haor_id": 1, "name": "2-Vent Regulator at Km23.4 in Boro Haor Project", "start_chainage": "19.900", "finish_chainage": "19.900", "length": "0.000", "volume": "0.000", "vent_no": 2, "dpp_cost": "0.000", "worktype_id": 5}}, {"model": "progress.dpp_intervention", "pk": 30, "fields": {"haor_id": 1, "name": "2-Vent Regulator at Km35.2 in Boro Haor Project", "start_chainage": "23.400", "finish_chainage": "23.400", "length": "0.000", "volume": "0.000", "vent_no": 2, "dpp_cost": "0.000", "worktype_id": 5}}, {"model": "progress.dpp_intervention", "pk": 31, "fields": {"haor_id": 1, "name": "14-Vent Regulator at Km1.64 in Boro Haor Project", "start_chainage": "35.200", "finish_chainage": "35.200", "length": "0.000", "volume": "0.000", "vent_no": 14, "dpp_cost": "0.000", "worktype_id": 5}}, {"model": "progress.dpp_intervention", "pk": 32, "fields": {"haor_id": 14, "name": "1-Vent Regulator at Km4.77 in Noapara Haor Project ", "start_chainage": "1.640", "finish_chainage": "1.640", "length": "0.000", "volume": "0.000", "vent_no": 1, "dpp_cost": "0.000", "worktype_id": 5}}, {"model": "progress.dpp_intervention", "pk": 33, "fields": {"haor_id": 14, "name": "1-Vent Regulator at Km12.34 in Noapara Haor Project ", "start_chainage": "4.770", "finish_chainage": "4.770", "length": "0.000", "volume": "0.000", "vent_no": 1, "dpp_cost": "0.000", "worktype_id": 5}}, {"model": "progress.dpp_intervention", "pk": 34, "fields": {"haor_id": 14, "name": "2-Vent Regulator at Km16.13 in Noapara Haor Project ", "start_chainage": "12.340", "finish_chainage": "12.340", "length": "0.000", "volume": "0.000", "vent_no": 2, "dpp_cost": "0.000", "worktype_id": 5}}, {"model": "progress.dpp_intervention", "pk": 36, "fields": {"haor_id": 14, "name": "1-vent 1.50X1.80 Regulator at Jalalpur 22.64 km", "start_chainage": "22.640", "finish_chainage": "22.640", "length": "0.000", "volume": "0.000", "vent_no": 4, "dpp_cost": "0.000", "worktype_id": 5}}, {"model": "progress.dpp_intervention", "pk": 37, "fields": {"haor_id": 2, "name": "1-Vent Regulator at Km4.07 in Naogaon Haor Project ", "start_chainage": "2.090", "finish_chainage": "2.090", "length": "0.000", "volume": "0.000", "vent_no": 1, "dpp_cost": "0.000", "worktype_id": 5}}, {"model": "progress.dpp_intervention", "pk": 38, "fields": {"haor_id": 2, "name": "2-Vent Regulator at Km6.04 in Naogaon Haor Project ", "start_chainage": "4.070", "finish_chainage": "4.070", "length": "0.000", "volume": "0.000", "vent_no": 2, "dpp_cost": "0.000", "worktype_id": 5}}, {"model": "progress.dpp_intervention", "pk": 39, "fields": {"haor_id": 2, "name": "2-Vent Regulator at Km5.56 in Naogaon Haor Project ", "start_chainage": "6.040", "finish_chainage": "6.040", "length": "0.000", "volume": "0.000", "vent_no": 2, "dpp_cost": "0.000", "worktype_id": 5}}, {"model": "progress.dpp_intervention", "pk": 40, "fields": {"haor_id": 2, "name": "2-Vent Regulator at Km14.52 in Naogaon Haor Project ", "start_chainage": "5.560", "finish_chainage": "5.560", "length": "0.000", "volume": "0.000", "vent_no": 2, "dpp_cost": "0.000", "worktype_id": 5}}, {"model": "progress.dpp_intervention", "pk": 41, "fields": {"haor_id": 2, "name": "2-Vent Regulator at Km33.8 in Naogaon Haor Project ", "start_chainage": "14.520", "finish_chainage": "14.520", "length": "0.000", "volume": "0.000", "vent_no": 2, "dpp_cost": "0.000", "worktype_id": 5}}, {"model": "progress.dpp_intervention", "pk": 42, "fields": {"haor_id": 2, "name": "3-Vent Regulator at Km44.15 in Naogaon Haor Project ", "start_chainage": "33.800", "finish_chainage": "33.800", "length": "0.000", "volume": "0.000", "vent_no": 3, "dpp_cost": "0.000", "worktype_id": 5}}, {"model": "progress.dpp_intervention", "pk": 43, "fields": {"haor_id": 2, "name": "4-Vent Regulator at Km16.1 in Naogaon Haor Project ", "start_chainage": "44.150", "finish_chainage": "44.150", "length": "0.000", "volume": "0.000", "vent_no": 4, "dpp_cost": "0.000", "worktype_id": 5}}, {"model": "progress.dpp_intervention", "pk": 44, "fields": {"haor_id": 7, "name": "1-Vent Regulator at Km24 in Badla Haor Project ", "start_chainage": "16.100", "finish_chainage": "16.100", "length": "0.000", "volume": "0.000", "vent_no": 1, "dpp_cost": "0.000", "worktype_id": 5}}, {"model": "progress.dpp_intervention", "pk": 45, "fields": {"haor_id": 7, "name": "2-Vent Regulator at Km5.73 in Badla Haor Project ", "start_chainage": "24.000", "finish_chainage": "24.000", "length": "0.000", "volume": "0.000", "vent_no": 2, "dpp_cost": "0.000", "worktype_id": 5}}, {"model": "progress.dpp_intervention", "pk": 46, "fields": {"haor_id": 10, "name": "2-Vent Regulator at Km12.25 in Chatal Haor Project ", "start_chainage": "5.730", "finish_chainage": "5.730", "length": "0.000", "volume": "0.000", "vent_no": 2, "dpp_cost": "0.000", "worktype_id": 5}}, {"model": "progress.dpp_intervention", "pk": 47, "fields": {"haor_id": 10, "name": "2-Vent Regulator at Km23.19 in Chatal Haor Project ", "start_chainage": "12.250", "finish_chainage": "12.250", "length": "0.000", "volume": "0.000", "vent_no": 2, "dpp_cost": "0.000", "worktype_id": 5}}, {"model": "progress.dpp_intervention", "pk": 48, "fields": {"haor_id": 9, "name": "5-Vent Regulator at Km5.13 in Dakhshiner Haor Project ", "start_chainage": "23.190", "finish_chainage": "23.190", "length": "0.000", "volume": "0.000", "vent_no": 5, "dpp_cost": "0.000", "worktype_id": 5}}, {"model": "progress.dpp_intervention", "pk": 49, "fields": {"haor_id": 6, "name": "1-Vent Regulator at Km8.24 in Suniar Haor Project ", "start_chainage": "5.130", "finish_chainage": "5.130", "length": "0.000", "volume": "0.000", "vent_no": 1, "dpp_cost": "0.000", "worktype_id": 5}}, {"model": "progress.dpp_intervention", "pk": 50, "fields": {"haor_id": 6, "name": "1-Vent Regulator at Km16.17 in Suniar Haor Project ", "start_chainage": "8.240", "finish_chainage": "8.240", "length": "0.000", "volume": "0.000", "vent_no": 1, "dpp_cost": "0.000", "worktype_id": 5}}, {"model": "progress.dpp_intervention", "pk": 51, "fields": {"haor_id": 6, "name": "1-Vent Regulator at Km17.74 in Suniar Haor Project ", "start_chainage": "16.170", "finish_chainage": "16.170", "length": "0.000", "volume": "0.000", "vent_no": 1, "dpp_cost": "0.000", "worktype_id": 5}}, {"model": "progress.dpp_intervention", "pk": 52, "fields": {"haor_id": 6, "name": "6-Vent Regulator at Km33.69 in Suniar Haor Project ", "start_chainage": "17.740", "finish_chainage": "17.740", "length": "0.000", "volume": "0.000", "vent_no": 6, "dpp_cost": "0.000", "worktype_id": 5}}, {"model": "progress.dpp_intervention", "pk": 53, "fields": {"haor_id": 13, "name": "1-Vent Regulator at Km35.97 in Mokhar Haor Project ", "start_chainage": "33.690", "finish_chainage": "33.690", "length": "0.000", "volume": "0.000", "vent_no": 1, "dpp_cost": "0.000", "worktype_id": 5}}, {"model": "progress.dpp_intervention", "pk": 54, "fields": {"haor_id": 13, "name": "1-Vent Regulator at Km46.9 in Mokhar Haor Project ", "start_chainage": "35.970", "finish_chainage": "35.970", "length": "0.000", "volume": "0.000", "vent_no": 1, "dpp_cost": "0.000", "worktype_id": 5}}, {"model": "progress.dpp_intervention", "pk": 55, "fields": {"haor_id": 13, "name": "1-Vent Regulator at Km51.58 in Mokhar Haor Project ", "start_chainage": "46.900", "finish_chainage": "46.900", "length": "0.000", "volume": "0.000", "vent_no": 1, "dpp_cost": "0.000", "worktype_id": 5}}, {"model": "progress.dpp_intervention", "pk": 56, "fields": {"haor_id": 13, "name": "1-Vent Regulator at Km65.45 in Mokhar Haor Project ", "start_chainage": "51.580", "finish_chainage": "51.580", "length": "0.000", "volume": "0.000", "vent_no": 1, "dpp_cost": "0.000", "worktype_id": 5}}, {"model": "progress.dpp_intervention", "pk": 57, "fields": {"haor_id": 13, "name": "1-Vent Regulator at Km72.66 in Mokhar Haor Project ", "start_chainage": "65.450", "finish_chainage": "65.450", "length": "0.000", "volume": "0.000", "vent_no": 1, "dpp_cost": "0.000", "worktype_id": 5}}, {"model": "progress.dpp_intervention", "pk": 58, "fields": {"haor_id": 13, "name": "2-Vent Regulator at Km81.2 in Mokhar Haor Project ", "start_chainage": "72.660", "finish_chainage": "72.660", "length": "0.000", "volume": "0.000", "vent_no": 2, "dpp_cost": "0.000", "worktype_id": 5}}, {"model": "progress.dpp_intervention", "pk": 59, "fields": {"haor_id": 13, "name": "4-Vent Regulator at Km7.61 in Mokhar Haor Project ", "start_chainage": "81.200", "finish_chainage": "81.200", "length": "0.000", "volume": "0.000", "vent_no": 4, "dpp_cost": "0.000", "worktype_id": 5}}, {"model": "progress.dpp_intervention", "pk": 60, "fields": {"haor_id": 11, "name": "1-Vent Regulator at Km18.02 in Ganesh Haor Project ", "start_chainage": "7.610", "finish_chainage": "7.610", "length": "0.000", "volume": "0.000", "vent_no": 1, "dpp_cost": "0.000", "worktype_id": 5}}, {"model": "progress.dpp_intervention", "pk": 61, "fields": {"haor_id": 11, "name": "1-Vent Regulator at Km27.27 in Ganesh Haor Project ", "start_chainage": "18.020", "finish_chainage": "18.020", "length": "0.000", "volume": "0.000", "vent_no": 1, "dpp_cost": "0.000", "worktype_id": 5}}, {"model": "progress.dpp_intervention", "pk": 62, "fields": {"haor_id": 11, "name": "1-Vent Regulator at Km29.67 in Ganesh Haor Project ", "start_chainage": "27.270", "finish_chainage": "27.270", "length": "0.000", "volume": "0.000", "vent_no": 1, "dpp_cost": "0.000", "worktype_id": 5}}, {"model": "progress.dpp_intervention", "pk": 63, "fields": {"haor_id": 11, "name": "4-Vent Regulator at Km22.27 in Ganesh Haor Project ", "start_chainage": "29.670", "finish_chainage": "29.670", "length": "0.000", "volume": "0.000", "vent_no": 4, "dpp_cost": "0.000", "worktype_id": 5}}, {"model": "progress.dpp_intervention", "pk": 64, "fields": {"haor_id": 4, "name": "2-Vent Regulator at Km34.28 in Dharmapasha Rui Beel Project ", "start_chainage": "22.270", "finish_chainage": "22.270", "length": "0.000", "volume": "0.000", "vent_no": 2, "dpp_cost": "0.000", "worktype_id": 5}}, {"model": "progress.dpp_intervention", "pk": 65, "fields": {"haor_id": 4, "name": "2-Vent Regulator at Km47.31 in Dharmapasha Rui Beel Project ", "start_chainage": "34.280", "finish_chainage": "34.280", "length": "0.000", "volume": "0.000", "vent_no": 2, "dpp_cost": "0.000", "worktype_id": 5}}, {"model": "progress.dpp_intervention", "pk": 66, "fields": {"haor_id": 4, "name": "2-Vent Regulator at Km54.42 in Dharmapasha Rui Beel Project ", "start_chainage": "47.310", "finish_chainage": "47.310", "length": "0.000", "volume": "0.000", "vent_no": 2, "dpp_cost": "0.000", "worktype_id": 5}}, {"model": "progress.dpp_intervention", "pk": 67, "fields": {"haor_id": 4, "name": "4-Vent Regulator at Km2.07 in Dharmapasha Rui Beel Project ", "start_chainage": "54.420", "finish_chainage": "54.420", "length": "0.000", "volume": "0.000", "vent_no": 4, "dpp_cost": "0.000", "worktype_id": 5}}, {"model": "progress.dpp_intervention", "pk": 68, "fields": {"haor_id": 3, "name": "1-Vent Regulator at Km5 in Jaliar Haor Project ", "start_chainage": "2.070", "finish_chainage": "2.070", "length": "0.000", "volume": "0.000", "vent_no": 1, "dpp_cost": "0.000", "worktype_id": 5}}, {"model": "progress.dpp_intervention", "pk": 69, "fields": {"haor_id": 3, "name": "2-Vent Regulator at Km9.25 in Jaliar Haor Project ", "start_chainage": "5.000", "finish_chainage": "5.000", "length": "0.000", "volume": "0.000", "vent_no": 2, "dpp_cost": "0.000", "worktype_id": 5}}, {"model": "progress.dpp_intervention", "pk": 70, "fields": {"haor_id": 3, "name": "3-Vent Regulator at Km15.64 in Jaliar Haor Project ", "start_chainage": "9.250", "finish_chainage": "9.250", "length": "0.000", "volume": "0.000", "vent_no": 3, "dpp_cost": "0.000", "worktype_id": 5}}, {"model": "progress.dpp_intervention", "pk": 71, "fields": {"haor_id": 12, "name": "1-Vent Regulator at Km20.77 in Dhakua Haor Project ", "start_chainage": "15.640", "finish_chainage": "15.640", "length": "0.000", "volume": "0.000", "vent_no": 1, "dpp_cost": "0.000", "worktype_id": 5}}, {"model": "progress.dpp_intervention", "pk": 72, "fields": {"haor_id": 12, "name": "1-Vent Regulator at Km24.16 in Dhakua Haor Project ", "start_chainage": "20.770", "finish_chainage": "20.770", "length": "0.000", "volume": "0.000", "vent_no": 1, "dpp_cost": "0.000", "worktype_id": 5}}, {"model": "progress.dpp_intervention", "pk": 73, "fields": {"haor_id": 12, "name": "1-Vent Regulator at Km25.72 in Dhakua Haor Project ", "start_chainage": "24.160", "finish_chainage": "24.160", "length": "0.000", "volume": "0.000", "vent_no": 1, "dpp_cost": "0.000", "worktype_id": 5}}, {"model": "progress.dpp_intervention", "pk": 74, "fields": {"haor_id": 12, "name": "1-Vent Regulator at Km26.45 in Dhakua Haor Project ", "start_chainage": "25.720", "finish_chainage": "25.720", "length": "0.000", "volume": "0.000", "vent_no": 1, "dpp_cost": "0.000", "worktype_id": 5}}, {"model": "progress.dpp_intervention", "pk": 75, "fields": {"haor_id": 12, "name": "2-Vent Regulator at Km27.51 in Dhakua Haor Project ", "start_chainage": "26.450", "finish_chainage": "26.450", "length": "0.000", "volume": "0.000", "vent_no": 2, "dpp_cost": "0.000", "worktype_id": 5}}, {"model": "progress.dpp_intervention", "pk": 76, "fields": {"haor_id": 12, "name": "2-Vent Regulator at Km in Dhakua Haor Project ", "start_chainage": "27.510", "finish_chainage": "27.510", "length": "0.000", "volume": "0.000", "vent_no": 2, "dpp_cost": "0.000", "worktype_id": 5}}, {"model": "progress.dpp_intervention", "pk": 77, "fields": {"haor_id": 8, "name": "4m causeway at km 21.77 in Nunnir Haor Project ", "start_chainage": "21.770", "finish_chainage": "21.770", "length": "0.000", "volume": "0.000", "vent_no": 4, "dpp_cost": "0.000", "worktype_id": 6}}, {"model": "progress.dpp_intervention", "pk": 78, "fields": {"haor_id": 1, "name": "4m causeway at km 14.05 in Boro Haor Project", "start_chainage": "14.050", "finish_chainage": "14.050", "length": "0.000", "volume": "0.000", "vent_no": 4, "dpp_cost": "0.000", "worktype_id": 6}}, {"model": "progress.dpp_intervention", "pk": 79, "fields": {"haor_id": 1, "name": "4m causeway at km 27 in Boro Haor Project", "start_chainage": "27.000", "finish_chainage": "27.000", "length": "0.000", "volume": "0.000", "vent_no": 4, "dpp_cost": "0.000", "worktype_id": 6}}, {"model": "progress.dpp_intervention", "pk": 80, "fields": {"haor_id": 1, "name": "6m causeway at km 33.3 in Boro Haor Project", "start_chainage": "33.300", "finish_chainage": "33.300", "length": "0.000", "volume": "0.000", "vent_no": 6, "dpp_cost": "0.000", "worktype_id": 6}}, {"model": "progress.dpp_intervention", "pk": 81, "fields": {"haor_id": 14, "name": "4m causeway at km 23.38 in Noapara Haor Project ", "start_chainage": "23.380", "finish_chainage": "23.380", "length": "0.000", "volume": "0.000", "vent_no": 4, "dpp_cost": "0.000", "worktype_id": 6}}, {"model": "progress.dpp_intervention", "pk": 82, "fields": {"haor_id": 2, "name": "4m causeway at km 12.44 in Naogaon Haor Project ", "start_chainage": "12.440", "finish_chainage": "12.440", "length": "0.000", "volume": "0.000", "vent_no": 4, "dpp_cost": "0.000", "worktype_id": 6}}, {"model": "progress.dpp_intervention", "pk": 83, "fields": {"haor_id": 2, "name": "4m causeway at km 24.06 in Naogaon Haor Project ", "start_chainage": "24.060", "finish_chainage": "24.060", "length": "0.000", "volume": "0.000", "vent_no": 4, "dpp_cost": "0.000", "worktype_id": 6}}, {"model": "progress.dpp_intervention", "pk": 84, "fields": {"haor_id": 2, "name": "4m causeway at km 39.07 in Naogaon Haor Project ", "start_chainage": "39.070", "finish_chainage": "39.070", "length": "0.000", "volume": "0.000", "vent_no": 4, "dpp_cost": "0.000", "worktype_id": 6}}, {"model": "progress.dpp_intervention", "pk": 85, "fields": {"haor_id": 2, "name": "6m causeway at km 44.2 in Naogaon Haor Project ", "start_chainage": "44.200", "finish_chainage": "44.200", "length": "0.000", "volume": "0.000", "vent_no": 6, "dpp_cost": "0.000", "worktype_id": 6}}, {"model": "progress.dpp_intervention", "pk": 86, "fields": {"haor_id": 7, "name": "4m causeway at km 7.15 in Badla Haor Project ", "start_chainage": "7.150", "finish_chainage": "7.150", "length": "0.000", "volume": "0.000", "vent_no": 4, "dpp_cost": "0.000", "worktype_id": 6}}, {"model": "progress.dpp_intervention", "pk": 87, "fields": {"haor_id": 9, "name": "4m causeway at km 0.02 in Dakhshiner Haor Project ", "start_chainage": "0.020", "finish_chainage": "0.020", "length": "0.000", "volume": "0.000", "vent_no": 4, "dpp_cost": "0.000", "worktype_id": 6}}, {"model": "progress.dpp_intervention", "pk": 88, "fields": {"haor_id": 9, "name": "6m causeway at km 12.38 in Dakhshiner Haor Project ", "start_chainage": "12.380", "finish_chainage": "12.380", "length": "0.000", "volume": "0.000", "vent_no": 6, "dpp_cost": "0.000", "worktype_id": 6}}, {"model": "progress.dpp_intervention", "pk": 89, "fields": {"haor_id": 9, "name": "6m causeway at km 23.46 in Dakhshiner Haor Project ", "start_chainage": "23.460", "finish_chainage": "23.460", "length": "0.000", "volume": "0.000", "vent_no": 6, "dpp_cost": "0.000", "worktype_id": 6}}, {"model": "progress.dpp_intervention", "pk": 90, "fields": {"haor_id": 6, "name": "4m causeway at km 17.71 in Suniar Haor Project ", "start_chainage": "17.710", "finish_chainage": "17.710", "length": "0.000", "volume": "0.000", "vent_no": 4, "dpp_cost": "0.000", "worktype_id": 6}}, {"model": "progress.dpp_intervention", "pk": 91, "fields": {"haor_id": 6, "name": "4m causeway at km 9.84 in Suniar Haor Project ", "start_chainage": "9.840", "finish_chainage": "9.840", "length": "0.000", "volume": "0.000", "vent_no": 4, "dpp_cost": "0.000", "worktype_id": 6}}, {"model": "progress.dpp_intervention", "pk": 92, "fields": {"haor_id": 13, "name": "4m causeway at km 17.28 in Mokhar Haor Project ", "start_chainage": "17.280", "finish_chainage": "17.280", "length": "0.000", "volume": "0.000", "vent_no": 4, "dpp_cost": "0.000", "worktype_id": 6}}, {"model": "progress.dpp_intervention", "pk": 93, "fields": {"haor_id": 13, "name": "4m causeway at km 42.78 in Mokhar Haor Project ", "start_chainage": "42.780", "finish_chainage": "42.780", "length": "0.000", "volume": "0.000", "vent_no": 4, "dpp_cost": "0.000", "worktype_id": 6}}, {"model": "progress.dpp_intervention", "pk": 94, "fields": {"haor_id": 13, "name": "6m causeway at km 69.7 in Mokhar Haor Project ", "start_chainage": "69.700", "finish_chainage": "69.700", "length": "0.000", "volume": "0.000", "vent_no": 6, "dpp_cost": "0.000", "worktype_id": 6}}, {"model": "progress.dpp_intervention", "pk": 95, "fields": {"haor_id": 13, "name": "6m causeway at km 70.6 in Mokhar Haor Project ", "start_chainage": "70.600", "finish_chainage": "70.600", "length": "0.000", "volume": "0.000", "vent_no": 6, "dpp_cost": "0.000", "worktype_id": 6}}, {"model": "progress.dpp_intervention", "pk": 96, "fields": {"haor_id": 4, "name": "4m causeway at km 3.1 in Dharmapasha Rui Beel Project ", "start_chainage": "3.100", "finish_chainage": "3.100", "length": "0.000", "volume": "0.000", "vent_no": 4, "dpp_cost": "0.000", "worktype_id": 6}}, {"model": "progress.dpp_intervention", "pk": 97, "fields": {"haor_id": 4, "name": "4m causeway at km 12.56 in Dharmapasha Rui Beel Project ", "start_chainage": "12.560", "finish_chainage": "12.560", "length": "0.000", "volume": "0.000", "vent_no": 4, "dpp_cost": "0.000", "worktype_id": 6}}, {"model": "progress.dpp_intervention", "pk": 98, "fields": {"haor_id": 4, "name": "4m causeway at km 22.27 in Dharmapasha Rui Beel Project ", "start_chainage": "22.270", "finish_chainage": "22.270", "length": "0.000", "volume": "0.000", "vent_no": 4, "dpp_cost": "0.000", "worktype_id": 6}}, {"model": "progress.dpp_intervention", "pk": 99, "fields": {"haor_id": 4, "name": "4m causeway at km 26.98 in Dharmapasha Rui Beel Project ", "start_chainage": "26.980", "finish_chainage": "26.980", "length": "0.000", "volume": "0.000", "vent_no": 4, "dpp_cost": "0.000", "worktype_id": 6}}, {"model": "progress.dpp_intervention", "pk": 100, "fields": {"haor_id": 4, "name": "4m causeway at km 27.77 in Dharmapasha Rui Beel Project ", "start_chainage": "27.770", "finish_chainage": "27.770", "length": "0.000", "volume": "0.000", "vent_no": 4, "dpp_cost": "0.000", "worktype_id": 6}}, {"model": "progress.dpp_intervention", "pk": 101, "fields": {"haor_id": 4, "name": "6m causeway at km 38.74 in Dharmapasha Rui Beel Project ", "start_chainage": "38.740", "finish_chainage": "38.740", "length": "0.000", "volume": "0.000", "vent_no": 6, "dpp_cost": "0.000", "worktype_id": 6}}, {"model": "progress.dpp_intervention", "pk": 102, "fields": {"haor_id": 3, "name": "4m causeway at km 0.1 in Jaliar Haor Project ", "start_chainage": "0.100", "finish_chainage": "0.100", "length": "0.000", "volume": "0.000", "vent_no": 4, "dpp_cost": "0.000", "worktype_id": 6}}, {"model": "progress.dpp_intervention", "pk": 103, "fields": {"haor_id": 3, "name": "4m causeway at km 0.4 in Jaliar Haor Project ", "start_chainage": "0.400", "finish_chainage": "0.400", "length": "0.000", "volume": "0.000", "vent_no": 4, "dpp_cost": "0.000", "worktype_id": 6}}, {"model": "progress.dpp_intervention", "pk": 104, "fields": {"haor_id": 3, "name": "4m causeway at km 1.54 in Jaliar Haor Project ", "start_chainage": "1.540", "finish_chainage": "1.540", "length": "0.000", "volume": "0.000", "vent_no": 4, "dpp_cost": "0.000", "worktype_id": 6}}, {"model": "progress.dpp_intervention", "pk": 105, "fields": {"haor_id": 3, "name": "4m causeway at km 3.46 in Jaliar Haor Project ", "start_chainage": "3.460", "finish_chainage": "3.460", "length": "0.000", "volume": "0.000", "vent_no": 4, "dpp_cost": "0.000", "worktype_id": 6}}, {"model": "progress.dpp_intervention", "pk": 106, "fields": {"haor_id": 3, "name": "4m causeway at km 6.33 in Jaliar Haor Project ", "start_chainage": "6.330", "finish_chainage": "6.330", "length": "0.000", "volume": "0.000", "vent_no": 4, "dpp_cost": "0.000", "worktype_id": 6}}, {"model": "progress.dpp_intervention", "pk": 107, "fields": {"haor_id": 3, "name": "4m causeway at km 9.24 in Jaliar Haor Project ", "start_chainage": "9.240", "finish_chainage": "9.240", "length": "0.000", "volume": "0.000", "vent_no": 4, "dpp_cost": "0.000", "worktype_id": 6}}, {"model": "progress.dpp_intervention", "pk": 108, "fields": {"haor_id": 3, "name": "6m causeway at km 12.3 in Jaliar Haor Project ", "start_chainage": "12.300", "finish_chainage": "12.300", "length": "0.000", "volume": "0.000", "vent_no": 6, "dpp_cost": "0.000", "worktype_id": 6}}, {"model": "progress.dpp_intervention", "pk": 109, "fields": {"haor_id": 12, "name": "4m causeway at km 4.93 in Dhakua Haor Project ", "start_chainage": "4.930", "finish_chainage": "4.930", "length": "0.000", "volume": "0.000", "vent_no": 4, "dpp_cost": "0.000", "worktype_id": 6}}, {"model": "progress.dpp_intervention", "pk": 110, "fields": {"haor_id": 12, "name": "4m causeway at km 16.33 in Dhakua Haor Project ", "start_chainage": "16.330", "finish_chainage": "16.330", "length": "0.000", "volume": "0.000", "vent_no": 4, "dpp_cost": "0.000", "worktype_id": 6}}, {"model": "progress.dpp_intervention", "pk": 111, "fields": {"haor_id": 12, "name": "6m causeway at km 18.56 in Dhakua Haor Project ", "start_chainage": "18.560", "finish_chainage": "18.560", "length": "0.000", "volume": "0.000", "vent_no": 6, "dpp_cost": "0.000", "worktype_id": 6}}, {"model": "progress.dpp_intervention", "pk": 112, "fields": {"haor_id": 8, "name": "Box Sluice at Km7.74 in Nunnir Haor Project ", "start_chainage": "7.740", "finish_chainage": "7.740", "length": "0.000", "volume": "0.000", "vent_no": 0, "dpp_cost": "0.000", "worktype_id": 9}}, {"model": "progress.dpp_intervention", "pk": 113, "fields": {"haor_id": 1, "name": "Box Sluice at Km14 in Boro Haor Project", "start_chainage": "14.000", "finish_chainage": "14.000", "length": "0.000", "volume": "0.000", "vent_no": 0, "dpp_cost": "0.000", "worktype_id": 9}}, {"model": "progress.dpp_intervention", "pk": 114, "fields": {"haor_id": 14, "name": "Box Sluice at Km10.48 in Noapara Haor Project ", "start_chainage": "10.480", "finish_chainage": "10.480", "length": "0.000", "volume": "0.000", "vent_no": 0, "dpp_cost": "0.000", "worktype_id": 9}}, {"model": "progress.dpp_intervention", "pk": 115, "fields": {"haor_id": 14, "name": "Box Sluice at Km11.17 in Noapara Haor Project ", "start_chainage": "11.170", "finish_chainage": "11.170", "length": "0.000", "volume": "0.000", "vent_no": 0, "dpp_cost": "0.000", "worktype_id": 9}}, {"model": "progress.dpp_intervention", "pk": 116, "fields": {"haor_id": 2, "name": "Box Sluice at Km6.65 in Naogaon Haor Project ", "start_chainage": "6.650", "finish_chainage": "6.650", "length": "0.000", "volume": "0.000", "vent_no": 0, "dpp_cost": "0.000", "worktype_id": 9}}, {"model": "progress.dpp_intervention", "pk": 117, "fields": {"haor_id": 2, "name": "Box Sluice at Km9.39 in Naogaon Haor Project ", "start_chainage": "9.390", "finish_chainage": "9.390", "length": "0.000", "volume": "0.000", "vent_no": 0, "dpp_cost": "0.000", "worktype_id": 9}}, {"model": "progress.dpp_intervention", "pk": 118, "fields": {"haor_id": 2, "name": "Box Sluice at Km11.21 in Naogaon Haor Project ", "start_chainage": "11.210", "finish_chainage": "11.210", "length": "0.000", "volume": "0.000", "vent_no": 0, "dpp_cost": "0.000", "worktype_id": 9}}, {"model": "progress.dpp_intervention", "pk": 119, "fields": {"haor_id": 2, "name": "Box Sluice at Km13.7 in Naogaon Haor Project ", "start_chainage": "13.700", "finish_chainage": "13.700", "length": "0.000", "volume": "0.000", "vent_no": 0, "dpp_cost": "0.000", "worktype_id": 9}}, {"model": "progress.dpp_intervention", "pk": 120, "fields": {"haor_id": 2, "name": "Box Sluice at Km18.24 in Naogaon Haor Project ", "start_chainage": "18.240", "finish_chainage": "18.240", "length": "0.000", "volume": "0.000", "vent_no": 0, "dpp_cost": "0.000", "worktype_id": 9}}, {"model": "progress.dpp_intervention", "pk": 121, "fields": {"haor_id": 7, "name": "Box Sluice at Km19.5 in Badla Haor Project ", "start_chainage": "19.500", "finish_chainage": "19.500", "length": "0.000", "volume": "0.000", "vent_no": 0, "dpp_cost": "0.000", "worktype_id": 9}}, {"model": "progress.dpp_intervention", "pk": 122, "fields": {"haor_id": 7, "name": "Box Sluice at Km22.3 in Badla Haor Project ", "start_chainage": "22.300", "finish_chainage": "22.300", "length": "0.000", "volume": "0.000", "vent_no": 0, "dpp_cost": "0.000", "worktype_id": 9}}, {"model": "progress.dpp_intervention", "pk": 123, "fields": {"haor_id": 7, "name": "Box Sluice at Km23.6 in Badla Haor Project ", "start_chainage": "23.600", "finish_chainage": "23.600", "length": "0.000", "volume": "0.000", "vent_no": 0, "dpp_cost": "0.000", "worktype_id": 9}}, {"model": "progress.dpp_intervention", "pk": 124, "fields": {"haor_id": 10, "name": "Box Sluice at Km2.74 in Chatal Haor Project ", "start_chainage": "2.740", "finish_chainage": "2.740", "length": "0.000", "volume": "0.000", "vent_no": 0, "dpp_cost": "0.000", "worktype_id": 9}}, {"model": "progress.dpp_intervention", "pk": 125, "fields": {"haor_id": 9, "name": "Box Sluice at Km24.23 in Dakhshiner Haor Project ", "start_chainage": "24.230", "finish_chainage": "24.230", "length": "0.000", "volume": "0.000", "vent_no": 0, "dpp_cost": "0.000", "worktype_id": 9}}, {"model": "progress.dpp_intervention", "pk": 126, "fields": {"haor_id": 13, "name": "Box Sluice at Km50.01 in Mokhar Haor Project ", "start_chainage": "50.010", "finish_chainage": "50.010", "length": "0.000", "volume": "0.000", "vent_no": 0, "dpp_cost": "0.000", "worktype_id": 9}}, {"model": "progress.dpp_intervention", "pk": 127, "fields": {"haor_id": 13, "name": "Box Sluice at Km60.35 in Mokhar Haor Project ", "start_chainage": "60.350", "finish_chainage": "60.350", "length": "0.000", "volume": "0.000", "vent_no": 0, "dpp_cost": "0.000", "worktype_id": 9}}, {"model": "progress.dpp_intervention", "pk": 128, "fields": {"haor_id": 13, "name": "Box Sluice at Km63.25 in Mokhar Haor Project ", "start_chainage": "63.250", "finish_chainage": "63.250", "length": "0.000", "volume": "0.000", "vent_no": 0, "dpp_cost": "0.000", "worktype_id": 9}}, {"model": "progress.dpp_intervention", "pk": 129, "fields": {"haor_id": 13, "name": "Box Sluice at Km70.5 in Mokhar Haor Project ", "start_chainage": "70.500", "finish_chainage": "70.500", "length": "0.000", "volume": "0.000", "vent_no": 0, "dpp_cost": "0.000", "worktype_id": 9}}, {"model": "progress.dpp_intervention", "pk": 130, "fields": {"haor_id": 13, "name": "Box Sluice at Km76.38 in Mokhar Haor Project ", "start_chainage": "76.380", "finish_chainage": "76.380", "length": "0.000", "volume": "0.000", "vent_no": 0, "dpp_cost": "0.000", "worktype_id": 9}}, {"model": "progress.dpp_intervention", "pk": 131, "fields": {"haor_id": 13, "name": "Box Sluice at Km77.61 in Mokhar Haor Project ", "start_chainage": "77.610", "finish_chainage": "77.610", "length": "0.000", "volume": "0.000", "vent_no": 0, "dpp_cost": "0.000", "worktype_id": 9}}, {"model": "progress.dpp_intervention", "pk": 132, "fields": {"haor_id": 13, "name": "Box Sluice at Km79.24 in Mokhar Haor Project ", "start_chainage": "79.240", "finish_chainage": "79.240", "length": "0.000", "volume": "0.000", "vent_no": 0, "dpp_cost": "0.000", "worktype_id": 9}}, {"model": "progress.dpp_intervention", "pk": 133, "fields": {"haor_id": 13, "name": "Box Sluice at Km79.75 in Mokhar Haor Project ", "start_chainage": "79.750", "finish_chainage": "79.750", "length": "0.000", "volume": "0.000", "vent_no": 0, "dpp_cost": "0.000", "worktype_id": 9}}, {"model": "progress.dpp_intervention", "pk": 134, "fields": {"haor_id": 13, "name": "Box Sluice at Km81.03 in Mokhar Haor Project ", "start_chainage": "81.030", "finish_chainage": "81.030", "length": "0.000", "volume": "0.000", "vent_no": 0, "dpp_cost": "0.000", "worktype_id": 9}}, {"model": "progress.dpp_intervention", "pk": 135, "fields": {"haor_id": 11, "name": "Box Sluice at Km15.16 in Ganesh Haor Project ", "start_chainage": "15.160", "finish_chainage": "15.160", "length": "0.000", "volume": "0.000", "vent_no": 0, "dpp_cost": "0.000", "worktype_id": 9}}, {"model": "progress.dpp_intervention", "pk": 136, "fields": {"haor_id": 11, "name": "Box Sluice at Km24.58 in Ganesh Haor Project ", "start_chainage": "24.580", "finish_chainage": "24.580", "length": "0.000", "volume": "0.000", "vent_no": 0, "dpp_cost": "0.000", "worktype_id": 9}}, {"model": "progress.dpp_intervention", "pk": 137, "fields": {"haor_id": 4, "name": "Box Sluice at Km1.75 in Dharmapasha Rui Beel Project ", "start_chainage": "1.750", "finish_chainage": "1.750", "length": "0.000", "volume": "0.000", "vent_no": 0, "dpp_cost": "0.000", "worktype_id": 9}}, {"model": "progress.dpp_intervention", "pk": 138, "fields": {"haor_id": 4, "name": "Box Sluice at Km7.8 in Dharmapasha Rui Beel Project ", "start_chainage": "7.800", "finish_chainage": "7.800", "length": "0.000", "volume": "0.000", "vent_no": 0, "dpp_cost": "0.000", "worktype_id": 9}}, {"model": "progress.dpp_intervention", "pk": 139, "fields": {"haor_id": 4, "name": "Box Sluice at Km33.08 in Dharmapasha Rui Beel Project ", "start_chainage": "33.080", "finish_chainage": "33.080", "length": "0.000", "volume": "0.000", "vent_no": 0, "dpp_cost": "0.000", "worktype_id": 9}}, {"model": "progress.dpp_intervention", "pk": 140, "fields": {"haor_id": 4, "name": "Box Sluice at Km40.66 in Dharmapasha Rui Beel Project ", "start_chainage": "40.660", "finish_chainage": "40.660", "length": "0.000", "volume": "0.000", "vent_no": 0, "dpp_cost": "0.000", "worktype_id": 9}}, {"model": "progress.dpp_intervention", "pk": 141, "fields": {"haor_id": 4, "name": "Box Sluice at Km43.13 in Dharmapasha Rui Beel Project ", "start_chainage": "43.130", "finish_chainage": "43.130", "length": "0.000", "volume": "0.000", "vent_no": 0, "dpp_cost": "0.000", "worktype_id": 9}}, {"model": "progress.dpp_intervention", "pk": 142, "fields": {"haor_id": 4, "name": "Box Sluice at Km48.05 in Dharmapasha Rui Beel Project ", "start_chainage": "48.050", "finish_chainage": "48.050", "length": "0.000", "volume": "0.000", "vent_no": 0, "dpp_cost": "0.000", "worktype_id": 9}}, {"model": "progress.dpp_intervention", "pk": 143, "fields": {"haor_id": 3, "name": "Box Sluice at Km3.45 in Jaliar Haor Project ", "start_chainage": "3.450", "finish_chainage": "3.450", "length": "0.000", "volume": "0.000", "vent_no": 0, "dpp_cost": "0.000", "worktype_id": 9}}, {"model": "progress.dpp_intervention", "pk": 144, "fields": {"haor_id": 3, "name": "Box Sluice at Km3.56 in Jaliar Haor Project ", "start_chainage": "3.560", "finish_chainage": "3.560", "length": "0.000", "volume": "0.000", "vent_no": 0, "dpp_cost": "0.000", "worktype_id": 9}}, {"model": "progress.dpp_intervention", "pk": 145, "fields": {"haor_id": 3, "name": "Box Sluice at Km4.73 in Jaliar Haor Project ", "start_chainage": "4.730", "finish_chainage": "4.730", "length": "0.000", "volume": "0.000", "vent_no": 0, "dpp_cost": "0.000", "worktype_id": 9}}, {"model": "progress.dpp_intervention", "pk": 146, "fields": {"haor_id": 3, "name": "Box Sluice at Km6.63 in Jaliar Haor Project ", "start_chainage": "6.630", "finish_chainage": "6.630", "length": "0.000", "volume": "0.000", "vent_no": 0, "dpp_cost": "0.000", "worktype_id": 9}}, {"model": "progress.dpp_intervention", "pk": 147, "fields": {"haor_id": 3, "name": "Box Sluice at Km24.7 in Jaliar Haor Project ", "start_chainage": "24.700", "finish_chainage": "24.700", "length": "0.000", "volume": "0.000", "vent_no": 0, "dpp_cost": "0.000", "worktype_id": 9}}, {"model": "progress.dpp_intervention", "pk": 148, "fields": {"haor_id": 3, "name": "Box Sluice at Km1 in Jaliar Haor Project ", "start_chainage": "1.000", "finish_chainage": "1.000", "length": "0.000", "volume": "0.000", "vent_no": 0, "dpp_cost": "0.000", "worktype_id": 9}}, {"model": "progress.dpp_intervention", "pk": 149, "fields": {"haor_id": 3, "name": "Box Sluice at Km12.64 in Jaliar Haor Project ", "start_chainage": "12.640", "finish_chainage": "12.640", "length": "0.000", "volume": "0.000", "vent_no": 0, "dpp_cost": "0.000", "worktype_id": 9}}, {"model": "progress.dpp_intervention", "pk": 150, "fields": {"haor_id": 12, "name": "Box Sluice at Km14.72 in Dhakua Haor Project ", "start_chainage": "14.720", "finish_chainage": "14.720", "length": "0.000", "volume": "0.000", "vent_no": 0, "dpp_cost": "0.000", "worktype_id": 9}}, {"model": "progress.dpp_intervention", "pk": 151, "fields": {"haor_id": 12, "name": "Box Sluice at Km19.93 in Dhakua Haor Project ", "start_chainage": "19.930", "finish_chainage": "19.930", "length": "0.000", "volume": "0.000", "vent_no": 0, "dpp_cost": "0.000", "worktype_id": 9}}, {"model": "progress.dpp_intervention", "pk": 152, "fields": {"haor_id": 12, "name": "Box Sluice at Km28.2 in Dhakua Haor Project ", "start_chainage": "28.200", "finish_chainage": "28.200", "length": "0.000", "volume": "0.000", "vent_no": 0, "dpp_cost": "0.000", "worktype_id": 9}}, {"model": "progress.dpp_intervention", "pk": 153, "fields": {"haor_id": 12, "name": "Box Sluice at Km50.74 in Dhakua Haor Project ", "start_chainage": "50.740", "finish_chainage": "50.740", "length": "0.000", "volume": "0.000", "vent_no": 0, "dpp_cost": "0.000", "worktype_id": 9}}, {"model": "progress.dpp_intervention", "pk": 154, "fields": {"haor_id": 12, "name": "Box Sluice at Km53.78 in Dhakua Haor Project ", "start_chainage": "53.780", "finish_chainage": "53.780", "length": "0.000", "volume": "0.000", "vent_no": 0, "dpp_cost": "0.000", "worktype_id": 9}}, {"model": "progress.dpp_intervention", "pk": 155, "fields": {"haor_id": 12, "name": "Box Sluice at Km55.4 in Dhakua Haor Project ", "start_chainage": "55.400", "finish_chainage": "55.400", "length": "0.000", "volume": "0.000", "vent_no": 0, "dpp_cost": "0.000", "worktype_id": 9}}, {"model": "progress.dpp_intervention", "pk": 156, "fields": {"haor_id": 8, "name": "Irrigation Inlet No-1 in  Nunnir Haor Project ", "start_chainage": "0.000", "finish_chainage": "0.000", "length": "0.000", "volume": "0.000", "vent_no": 0, "dpp_cost": "0.000", "worktype_id": 7}}, {"model": "progress.dpp_intervention", "pk": 157, "fields": {"haor_id": 8, "name": "Irrigation Inlet No-2 in  Nunnir Haor Project ", "start_chainage": "0.000", "finish_chainage": "0.000", "length": "0.000", "volume": "0.000", "vent_no": 0, "dpp_cost": "0.000", "worktype_id": 7}}, {"model": "progress.dpp_intervention", "pk": 158, "fields": {"haor_id": 8, "name": "Irrigation Inlet No-3 in  Nunnir Haor Project ", "start_chainage": "0.000", "finish_chainage": "0.000", "length": "0.000", "volume": "0.000", "vent_no": 0, "dpp_cost": "0.000", "worktype_id": 7}}, {"model": "progress.dpp_intervention", "pk": 159, "fields": {"haor_id": 8, "name": "Irrigation Inlet No-4 in  Nunnir Haor Project ", "start_chainage": "0.000", "finish_chainage": "0.000", "length": "0.000", "volume": "0.000", "vent_no": 0, "dpp_cost": "0.000", "worktype_id": 7}}, {"model": "progress.dpp_intervention", "pk": 160, "fields": {"haor_id": 8, "name": "Irrigation Inlet No-5 in  Nunnir Haor Project ", "start_chainage": "0.000", "finish_chainage": "0.000", "length": "0.000", "volume": "0.000", "vent_no": 0, "dpp_cost": "0.000", "worktype_id": 7}}, {"model": "progress.dpp_intervention", "pk": 161, "fields": {"haor_id": 8, "name": "Irrigation Inlet No-6 in  Nunnir Haor Project ", "start_chainage": "0.000", "finish_chainage": "0.000", "length": "0.000", "volume": "0.000", "vent_no": 0, "dpp_cost": "0.000", "worktype_id": 7}}, {"model": "progress.dpp_intervention", "pk": 162, "fields": {"haor_id": 8, "name": "Irrigation Inlet No-7 in  Nunnir Haor Project ", "start_chainage": "0.000", "finish_chainage": "0.000", "length": "0.000", "volume": "0.000", "vent_no": 0, "dpp_cost": "0.000", "worktype_id": 7}}, {"model": "progress.dpp_intervention", "pk": 163, "fields": {"haor_id": 8, "name": "Irrigation Inlet No-8 in  Nunnir Haor Project ", "start_chainage": "0.000", "finish_chainage": "0.000", "length": "0.000", "volume": "0.000", "vent_no": 0, "dpp_cost": "0.000", "worktype_id": 7}}, {"model": "progress.dpp_intervention", "pk": 164, "fields": {"haor_id": 8, "name": "Irrigation Inlet No-9 in  Nunnir Haor Project ", "start_chainage": "0.000", "finish_chainage": "0.000", "length": "0.000", "volume": "0.000", "vent_no": 0, "dpp_cost": "0.000", "worktype_id": 7}}, {"model": "progress.dpp_intervention", "pk": 165, "fields": {"haor_id": 8, "name": "Irrigation Inlet No-10 in  Nunnir Haor Project ", "start_chainage": "0.000", "finish_chainage": "0.000", "length": "0.000", "volume": "0.000", "vent_no": 0, "dpp_cost": "0.000", "worktype_id": 7}}, {"model": "progress.dpp_intervention", "pk": 166, "fields": {"haor_id": 8, "name": "Irrigation Inlet No-11 in  Nunnir Haor Project ", "start_chainage": "0.000", "finish_chainage": "0.000", "length": "0.000", "volume": "0.000", "vent_no": 0, "dpp_cost": "0.000", "worktype_id": 7}}, {"model": "progress.dpp_intervention", "pk": 167, "fields": {"haor_id": 8, "name": "Irrigation Inlet No-12 in  Nunnir Haor Project ", "start_chainage": "0.000", "finish_chainage": "0.000", "length": "0.000", "volume": "0.000", "vent_no": 0, "dpp_cost": "0.000", "worktype_id": 7}}, {"model": "progress.dpp_intervention", "pk": 168, "fields": {"haor_id": 8, "name": "Irrigation Inlet No-13 in  Nunnir Haor Project ", "start_chainage": "0.000", "finish_chainage": "0.000", "length": "0.000", "volume": "0.000", "vent_no": 0, "dpp_cost": "0.000", "worktype_id": 7}}, {"model": "progress.dpp_intervention", "pk": 169, "fields": {"haor_id": 8, "name": "Irrigation Inlet No-14 in  Nunnir Haor Project ", "start_chainage": "0.000", "finish_chainage": "0.000", "length": "0.000", "volume": "0.000", "vent_no": 0, "dpp_cost": "0.000", "worktype_id": 7}}, {"model": "progress.dpp_intervention", "pk": 170, "fields": {"haor_id": 8, "name": "Irrigation Inlet No-15 in  Nunnir Haor Project ", "start_chainage": "0.000", "finish_chainage": "0.000", "length": "0.000", "volume": "0.000", "vent_no": 0, "dpp_cost": "0.000", "worktype_id": 7}}, {"model": "progress.dpp_intervention", "pk": 171, "fields": {"haor_id": 1, "name": "Irrigation Inlet No-16 in  Boro Haor Project", "start_chainage": "0.000", "finish_chainage": "0.000", "length": "0.000", "volume": "0.000", "vent_no": 0, "dpp_cost": "0.000", "worktype_id": 7}}, {"model": "progress.dpp_intervention", "pk": 172, "fields": {"haor_id": 1, "name": "Irrigation Inlet No-17 in  Boro Haor Project", "start_chainage": "0.000", "finish_chainage": "0.000", "length": "0.000", "volume": "0.000", "vent_no": 0, "dpp_cost": "0.000", "worktype_id": 7}}, {"model": "progress.dpp_intervention", "pk": 173, "fields": {"haor_id": 1, "name": "Irrigation Inlet No-18 in  Boro Haor Project", "start_chainage": "0.000", "finish_chainage": "0.000", "length": "0.000", "volume": "0.000", "vent_no": 0, "dpp_cost": "0.000", "worktype_id": 7}}, {"model": "progress.dpp_intervention", "pk": 174, "fields": {"haor_id": 1, "name": "Irrigation Inlet No-19 in  Boro Haor Project", "start_chainage": "0.000", "finish_chainage": "0.000", "length": "0.000", "volume": "0.000", "vent_no": 0, "dpp_cost": "0.000", "worktype_id": 7}}, {"model": "progress.dpp_intervention", "pk": 175, "fields": {"haor_id": 1, "name": "Irrigation Inlet No-20 in  Boro Haor Project", "start_chainage": "0.000", "finish_chainage": "0.000", "length": "0.000", "volume": "0.000", "vent_no": 0, "dpp_cost": "0.000", "worktype_id": 7}}, {"model": "progress.dpp_intervention", "pk": 176, "fields": {"haor_id": 1, "name": "Irrigation Inlet No-21 in  Boro Haor Project", "start_chainage": "0.000", "finish_chainage": "0.000", "length": "0.000", "volume": "0.000", "vent_no": 0, "dpp_cost": "0.000", "worktype_id": 7}}, {"model": "progress.dpp_intervention", "pk": 177, "fields": {"haor_id": 1, "name": "Irrigation Inlet No-22 in  Boro Haor Project", "start_chainage": "0.000", "finish_chainage": "0.000", "length": "0.000", "volume": "0.000", "vent_no": 0, "dpp_cost": "0.000", "worktype_id": 7}}, {"model": "progress.dpp_intervention", "pk": 178, "fields": {"haor_id": 14, "name": "Irrigation Inlet No-23 in  Noapara Haor Project ", "start_chainage": "0.000", "finish_chainage": "0.000", "length": "0.000", "volume": "0.000", "vent_no": 0, "dpp_cost": "0.000", "worktype_id": 7}}, {"model": "progress.dpp_intervention", "pk": 179, "fields": {"haor_id": 14, "name": "Irrigation Inlet No-24 in  Noapara Haor Project ", "start_chainage": "0.000", "finish_chainage": "0.000", "length": "0.000", "volume": "0.000", "vent_no": 0, "dpp_cost": "0.000", "worktype_id": 7}}, {"model": "progress.dpp_intervention", "pk": 180, "fields": {"haor_id": 14, "name": "Irrigation Inlet No-25 in  Noapara Haor Project ", "start_chainage": "0.000", "finish_chainage": "0.000", "length": "0.000", "volume": "0.000", "vent_no": 0, "dpp_cost": "0.000", "worktype_id": 7}}, {"model": "progress.dpp_intervention", "pk": 181, "fields": {"haor_id": 14, "name": "Irrigation Inlet No-26 in  Noapara Haor Project ", "start_chainage": "0.000", "finish_chainage": "0.000", "length": "0.000", "volume": "0.000", "vent_no": 0, "dpp_cost": "0.000", "worktype_id": 7}}, {"model": "progress.dpp_intervention", "pk": 182, "fields": {"haor_id": 14, "name": "Irrigation Inlet No-27 in  Noapara Haor Project ", "start_chainage": "0.000", "finish_chainage": "0.000", "length": "0.000", "volume": "0.000", "vent_no": 0, "dpp_cost": "0.000", "worktype_id": 7}}, {"model": "progress.dpp_intervention", "pk": 183, "fields": {"haor_id": 14, "name": "Irrigation Inlet No-28 in  Noapara Haor Project ", "start_chainage": "0.000", "finish_chainage": "0.000", "length": "0.000", "volume": "0.000", "vent_no": 0, "dpp_cost": "0.000", "worktype_id": 7}}, {"model": "progress.dpp_intervention", "pk": 184, "fields": {"haor_id": 14, "name": "Irrigation Inlet No-29 in  Noapara Haor Project ", "start_chainage": "0.000", "finish_chainage": "0.000", "length": "0.000", "volume": "0.000", "vent_no": 0, "dpp_cost": "0.000", "worktype_id": 7}}, {"model": "progress.dpp_intervention", "pk": 185, "fields": {"haor_id": 14, "name": "Irrigation Inlet No-30 in  Noapara Haor Project ", "start_chainage": "0.000", "finish_chainage": "0.000", "length": "0.000", "volume": "0.000", "vent_no": 0, "dpp_cost": "0.000", "worktype_id": 7}}, {"model": "progress.dpp_intervention", "pk": 186, "fields": {"haor_id": 14, "name": "Irrigation Inlet No-31 in  Noapara Haor Project ", "start_chainage": "0.000", "finish_chainage": "0.000", "length": "0.000", "volume": "0.000", "vent_no": 0, "dpp_cost": "0.000", "worktype_id": 7}}, {"model": "progress.dpp_intervention", "pk": 187, "fields": {"haor_id": 14, "name": "Irrigation Inlet No-32 in  Noapara Haor Project ", "start_chainage": "0.000", "finish_chainage": "0.000", "length": "0.000", "volume": "0.000", "vent_no": 0, "dpp_cost": "0.000", "worktype_id": 7}}, {"model": "progress.dpp_intervention", "pk": 188, "fields": {"haor_id": 14, "name": "Irrigation Inlet No-33 in  Noapara Haor Project ", "start_chainage": "0.000", "finish_chainage": "0.000", "length": "0.000", "volume": "0.000", "vent_no": 0, "dpp_cost": "0.000", "worktype_id": 7}}, {"model": "progress.dpp_intervention", "pk": 189, "fields": {"haor_id": 14, "name": "Irrigation Inlet No-34 in  Noapara Haor Project ", "start_chainage": "0.000", "finish_chainage": "0.000", "length": "0.000", "volume": "0.000", "vent_no": 0, "dpp_cost": "0.000", "worktype_id": 7}}, {"model": "progress.dpp_intervention", "pk": 190, "fields": {"haor_id": 14, "name": "Irrigation Inlet No-35 in  Noapara Haor Project ", "start_chainage": "0.000", "finish_chainage": "0.000", "length": "0.000", "volume": "0.000", "vent_no": 0, "dpp_cost": "0.000", "worktype_id": 7}}, {"model": "progress.dpp_intervention", "pk": 191, "fields": {"haor_id": 14, "name": "Irrigation Inlet No-36 in  Noapara Haor Project ", "start_chainage": "0.000", "finish_chainage": "0.000", "length": "0.000", "volume": "0.000", "vent_no": 0, "dpp_cost": "0.000", "worktype_id": 7}}, {"model": "progress.dpp_intervention", "pk": 192, "fields": {"haor_id": 2, "name": "Irrigation Inlet No-37 in  Naogaon Haor Project ", "start_chainage": "0.000", "finish_chainage": "0.000", "length": "0.000", "volume": "0.000", "vent_no": 0, "dpp_cost": "0.000", "worktype_id": 7}}, {"model": "progress.dpp_intervention", "pk": 193, "fields": {"haor_id": 2, "name": "Irrigation Inlet No-38 in  Naogaon Haor Project ", "start_chainage": "0.000", "finish_chainage": "0.000", "length": "0.000", "volume": "0.000", "vent_no": 0, "dpp_cost": "0.000", "worktype_id": 7}}, {"model": "progress.dpp_intervention", "pk": 194, "fields": {"haor_id": 2, "name": "Irrigation Inlet No-39 in  Naogaon Haor Project ", "start_chainage": "0.000", "finish_chainage": "0.000", "length": "0.000", "volume": "0.000", "vent_no": 0, "dpp_cost": "0.000", "worktype_id": 7}}, {"model": "progress.dpp_intervention", "pk": 195, "fields": {"haor_id": 2, "name": "Irrigation Inlet No-40 in  Naogaon Haor Project ", "start_chainage": "0.000", "finish_chainage": "0.000", "length": "0.000", "volume": "0.000", "vent_no": 0, "dpp_cost": "0.000", "worktype_id": 7}}, {"model": "progress.dpp_intervention", "pk": 196, "fields": {"haor_id": 2, "name": "Irrigation Inlet No-41 in  Naogaon Haor Project ", "start_chainage": "0.000", "finish_chainage": "0.000", "length": "0.000", "volume": "0.000", "vent_no": 0, "dpp_cost": "0.000", "worktype_id": 7}}, {"model": "progress.dpp_intervention", "pk": 197, "fields": {"haor_id": 2, "name": "Irrigation Inlet No-42 in  Naogaon Haor Project ", "start_chainage": "0.000", "finish_chainage": "0.000", "length": "0.000", "volume": "0.000", "vent_no": 0, "dpp_cost": "0.000", "worktype_id": 7}}, {"model": "progress.dpp_intervention", "pk": 198, "fields": {"haor_id": 2, "name": "Irrigation Inlet No-43 in  Naogaon Haor Project ", "start_chainage": "0.000", "finish_chainage": "0.000", "length": "0.000", "volume": "0.000", "vent_no": 0, "dpp_cost": "0.000", "worktype_id": 7}}, {"model": "progress.dpp_intervention", "pk": 199, "fields": {"haor_id": 2, "name": "Irrigation Inlet No-44 in  Naogaon Haor Project ", "start_chainage": "0.000", "finish_chainage": "0.000", "length": "0.000", "volume": "0.000", "vent_no": 0, "dpp_cost": "0.000", "worktype_id": 7}}, {"model": "progress.dpp_intervention", "pk": 200, "fields": {"haor_id": 2, "name": "Irrigation Inlet No-45 in  Naogaon Haor Project ", "start_chainage": "0.000", "finish_chainage": "0.000", "length": "0.000", "volume": "0.000", "vent_no": 0, "dpp_cost": "0.000", "worktype_id": 7}}, {"model": "progress.dpp_intervention", "pk": 201, "fields": {"haor_id": 2, "name": "Irrigation Inlet No-46 in  Naogaon Haor Project ", "start_chainage": "0.000", "finish_chainage": "0.000", "length": "0.000", "volume": "0.000", "vent_no": 0, "dpp_cost": "0.000", "worktype_id": 7}}, {"model": "progress.dpp_intervention", "pk": 202, "fields": {"haor_id": 2, "name": "Irrigation Inlet No-47 in  Naogaon Haor Project ", "start_chainage": "0.000", "finish_chainage": "0.000", "length": "0.000", "volume": "0.000", "vent_no": 0, "dpp_cost": "0.000", "worktype_id": 7}}, {"model": "progress.dpp_intervention", "pk": 203, "fields": {"haor_id": 2, "name": "Irrigation Inlet No-48 in  Naogaon Haor Project ", "start_chainage": "0.000", "finish_chainage": "0.000", "length": "0.000", "volume": "0.000", "vent_no": 0, "dpp_cost": "0.000", "worktype_id": 7}}, {"model": "progress.dpp_intervention", "pk": 204, "fields": {"haor_id": 2, "name": "Irrigation Inlet No-49 in  Naogaon Haor Project ", "start_chainage": "0.000", "finish_chainage": "0.000", "length": "0.000", "volume": "0.000", "vent_no": 0, "dpp_cost": "0.000", "worktype_id": 7}}, {"model": "progress.dpp_intervention", "pk": 205, "fields": {"haor_id": 2, "name": "Irrigation Inlet No-50 in  Naogaon Haor Project ", "start_chainage": "0.000", "finish_chainage": "0.000", "length": "0.000", "volume": "0.000", "vent_no": 0, "dpp_cost": "0.000", "worktype_id": 7}}, {"model": "progress.dpp_intervention", "pk": 206, "fields": {"haor_id": 2, "name": "Irrigation Inlet No-51 in  Naogaon Haor Project ", "start_chainage": "0.000", "finish_chainage": "0.000", "length": "0.000", "volume": "0.000", "vent_no": 0, "dpp_cost": "0.000", "worktype_id": 7}}, {"model": "progress.dpp_intervention", "pk": 207, "fields": {"haor_id": 2, "name": "Irrigation Inlet No-52 in  Naogaon Haor Project ", "start_chainage": "0.000", "finish_chainage": "0.000", "length": "0.000", "volume": "0.000", "vent_no": 0, "dpp_cost": "0.000", "worktype_id": 7}}, {"model": "progress.dpp_intervention", "pk": 208, "fields": {"haor_id": 2, "name": "Irrigation Inlet No-53 in  Naogaon Haor Project ", "start_chainage": "0.000", "finish_chainage": "0.000", "length": "0.000", "volume": "0.000", "vent_no": 0, "dpp_cost": "0.000", "worktype_id": 7}}, {"model": "progress.dpp_intervention", "pk": 209, "fields": {"haor_id": 2, "name": "Irrigation Inlet No-54 in  Naogaon Haor Project ", "start_chainage": "0.000", "finish_chainage": "0.000", "length": "0.000", "volume": "0.000", "vent_no": 0, "dpp_cost": "0.000", "worktype_id": 7}}, {"model": "progress.dpp_intervention", "pk": 210, "fields": {"haor_id": 2, "name": "Irrigation Inlet No-55 in  Naogaon Haor Project ", "start_chainage": "0.000", "finish_chainage": "0.000", "length": "0.000", "volume": "0.000", "vent_no": 0, "dpp_cost": "0.000", "worktype_id": 7}}, {"model": "progress.dpp_intervention", "pk": 211, "fields": {"haor_id": 2, "name": "Irrigation Inlet No-56 in  Naogaon Haor Project ", "start_chainage": "0.000", "finish_chainage": "0.000", "length": "0.000", "volume": "0.000", "vent_no": 0, "dpp_cost": "0.000", "worktype_id": 7}}, {"model": "progress.dpp_intervention", "pk": 212, "fields": {"haor_id": 2, "name": "Irrigation Inlet No-57 in  Naogaon Haor Project ", "start_chainage": "0.000", "finish_chainage": "0.000", "length": "0.000", "volume": "0.000", "vent_no": 0, "dpp_cost": "0.000", "worktype_id": 7}}, {"model": "progress.dpp_intervention", "pk": 213, "fields": {"haor_id": 2, "name": "Irrigation Inlet No-58 in  Naogaon Haor Project ", "start_chainage": "0.000", "finish_chainage": "0.000", "length": "0.000", "volume": "0.000", "vent_no": 0, "dpp_cost": "0.000", "worktype_id": 7}}, {"model": "progress.dpp_intervention", "pk": 214, "fields": {"haor_id": 2, "name": "Irrigation Inlet No-59 in  Naogaon Haor Project ", "start_chainage": "0.000", "finish_chainage": "0.000", "length": "0.000", "volume": "0.000", "vent_no": 0, "dpp_cost": "0.000", "worktype_id": 7}}, {"model": "progress.dpp_intervention", "pk": 215, "fields": {"haor_id": 2, "name": "Irrigation Inlet No-60 in  Naogaon Haor Project ", "start_chainage": "0.000", "finish_chainage": "0.000", "length": "0.000", "volume": "0.000", "vent_no": 0, "dpp_cost": "0.000", "worktype_id": 7}}, {"model": "progress.dpp_intervention", "pk": 216, "fields": {"haor_id": 2, "name": "Irrigation Inlet No-61 in  Naogaon Haor Project ", "start_chainage": "0.000", "finish_chainage": "0.000", "length": "0.000", "volume": "0.000", "vent_no": 0, "dpp_cost": "0.000", "worktype_id": 7}}, {"model": "progress.dpp_intervention", "pk": 217, "fields": {"haor_id": 7, "name": "Irrigation Inlet No-62 in  Badla Haor Project ", "start_chainage": "0.000", "finish_chainage": "0.000", "length": "0.000", "volume": "0.000", "vent_no": 0, "dpp_cost": "0.000", "worktype_id": 7}}, {"model": "progress.dpp_intervention", "pk": 218, "fields": {"haor_id": 7, "name": "Irrigation Inlet No-63 in  Badla Haor Project ", "start_chainage": "0.000", "finish_chainage": "0.000", "length": "0.000", "volume": "0.000", "vent_no": 0, "dpp_cost": "0.000", "worktype_id": 7}}, {"model": "progress.dpp_intervention", "pk": 219, "fields": {"haor_id": 7, "name": "Irrigation Inlet No-64 in  Badla Haor Project ", "start_chainage": "0.000", "finish_chainage": "0.000", "length": "0.000", "volume": "0.000", "vent_no": 0, "dpp_cost": "0.000", "worktype_id": 7}}, {"model": "progress.dpp_intervention", "pk": 220, "fields": {"haor_id": 7, "name": "Irrigation Inlet No-65 in  Badla Haor Project ", "start_chainage": "0.000", "finish_chainage": "0.000", "length": "0.000", "volume": "0.000", "vent_no": 0, "dpp_cost": "0.000", "worktype_id": 7}}, {"model": "progress.dpp_intervention", "pk": 221, "fields": {"haor_id": 7, "name": "Irrigation Inlet No-66 in  Badla Haor Project ", "start_chainage": "0.000", "finish_chainage": "0.000", "length": "0.000", "volume": "0.000", "vent_no": 0, "dpp_cost": "0.000", "worktype_id": 7}}, {"model": "progress.dpp_intervention", "pk": 222, "fields": {"haor_id": 7, "name": "Irrigation Inlet No-67 in  Badla Haor Project ", "start_chainage": "0.000", "finish_chainage": "0.000", "length": "0.000", "volume": "0.000", "vent_no": 0, "dpp_cost": "0.000", "worktype_id": 7}}, {"model": "progress.dpp_intervention", "pk": 223, "fields": {"haor_id": 10, "name": "Irrigation Inlet No-68 in  Chatal Haor Project ", "start_chainage": "0.000", "finish_chainage": "0.000", "length": "0.000", "volume": "0.000", "vent_no": 0, "dpp_cost": "0.000", "worktype_id": 7}}, {"model": "progress.dpp_intervention", "pk": 224, "fields": {"haor_id": 10, "name": "Irrigation Inlet No-69 in  Chatal Haor Project ", "start_chainage": "0.000", "finish_chainage": "0.000", "length": "0.000", "volume": "0.000", "vent_no": 0, "dpp_cost": "0.000", "worktype_id": 7}}, {"model": "progress.dpp_intervention", "pk": 225, "fields": {"haor_id": 10, "name": "Irrigation Inlet No-70 in  Chatal Haor Project ", "start_chainage": "0.000", "finish_chainage": "0.000", "length": "0.000", "volume": "0.000", "vent_no": 0, "dpp_cost": "0.000", "worktype_id": 7}}, {"model": "progress.dpp_intervention", "pk": 226, "fields": {"haor_id": 10, "name": "Irrigation Inlet No-71 in  Chatal Haor Project ", "start_chainage": "0.000", "finish_chainage": "0.000", "length": "0.000", "volume": "0.000", "vent_no": 0, "dpp_cost": "0.000", "worktype_id": 7}}, {"model": "progress.dpp_intervention", "pk": 227, "fields": {"haor_id": 9, "name": "Irrigation Inlet No-72 in  Dakhshiner Haor Project ", "start_chainage": "0.000", "finish_chainage": "0.000", "length": "0.000", "volume": "0.000", "vent_no": 0, "dpp_cost": "0.000", "worktype_id": 7}}, {"model": "progress.dpp_intervention", "pk": 228, "fields": {"haor_id": 9, "name": "Irrigation Inlet No-73 in  Dakhshiner Haor Project ", "start_chainage": "0.000", "finish_chainage": "0.000", "length": "0.000", "volume": "0.000", "vent_no": 0, "dpp_cost": "0.000", "worktype_id": 7}}, {"model": "progress.dpp_intervention", "pk": 229, "fields": {"haor_id": 9, "name": "Irrigation Inlet No-74 in  Dakhshiner Haor Project ", "start_chainage": "0.000", "finish_chainage": "0.000", "length": "0.000", "volume": "0.000", "vent_no": 0, "dpp_cost": "0.000", "worktype_id": 7}}, {"model": "progress.dpp_intervention", "pk": 230, "fields": {"haor_id": 9, "name": "Irrigation Inlet No-75 in  Dakhshiner Haor Project ", "start_chainage": "0.000", "finish_chainage": "0.000", "length": "0.000", "volume": "0.000", "vent_no": 0, "dpp_cost": "0.000", "worktype_id": 7}}, {"model": "progress.dpp_intervention", "pk": 231, "fields": {"haor_id": 9, "name": "Irrigation Inlet No-76 in  Dakhshiner Haor Project ", "start_chainage": "0.000", "finish_chainage": "0.000", "length": "0.000", "volume": "0.000", "vent_no": 0, "dpp_cost": "0.000", "worktype_id": 7}}, {"model": "progress.dpp_intervention", "pk": 232, "fields": {"haor_id": 9, "name": "Irrigation Inlet No-77 in  Dakhshiner Haor Project ", "start_chainage": "0.000", "finish_chainage": "0.000", "length": "0.000", "volume": "0.000", "vent_no": 0, "dpp_cost": "0.000", "worktype_id": 7}}, {"model": "progress.dpp_intervention", "pk": 233, "fields": {"haor_id": 9, "name": "Irrigation Inlet No-78 in  Dakhshiner Haor Project ", "start_chainage": "0.000", "finish_chainage": "0.000", "length": "0.000", "volume": "0.000", "vent_no": 0, "dpp_cost": "0.000", "worktype_id": 7}}, {"model": "progress.dpp_intervention", "pk": 234, "fields": {"haor_id": 9, "name": "Irrigation Inlet No-79 in  Dakhshiner Haor Project ", "start_chainage": "0.000", "finish_chainage": "0.000", "length": "0.000", "volume": "0.000", "vent_no": 0, "dpp_cost": "0.000", "worktype_id": 7}}, {"model": "progress.dpp_intervention", "pk": 235, "fields": {"haor_id": 9, "name": "Irrigation Inlet No-80 in  Dakhshiner Haor Project ", "start_chainage": "0.000", "finish_chainage": "0.000", "length": "0.000", "volume": "0.000", "vent_no": 0, "dpp_cost": "0.000", "worktype_id": 7}}, {"model": "progress.dpp_intervention", "pk": 236, "fields": {"haor_id": 9, "name": "Irrigation Inlet No-81 in  Dakhshiner Haor Project ", "start_chainage": "0.000", "finish_chainage": "0.000", "length": "0.000", "volume": "0.000", "vent_no": 0, "dpp_cost": "0.000", "worktype_id": 7}}, {"model": "progress.dpp_intervention", "pk": 237, "fields": {"haor_id": 9, "name": "Irrigation Inlet No-82 in  Dakhshiner Haor Project ", "start_chainage": "0.000", "finish_chainage": "0.000", "length": "0.000", "volume": "0.000", "vent_no": 0, "dpp_cost": "0.000", "worktype_id": 7}}, {"model": "progress.dpp_intervention", "pk": 238, "fields": {"haor_id": 9, "name": "Irrigation Inlet No-83 in  Dakhshiner Haor Project ", "start_chainage": "0.000", "finish_chainage": "0.000", "length": "0.000", "volume": "0.000", "vent_no": 0, "dpp_cost": "0.000", "worktype_id": 7}}, {"model": "progress.dpp_intervention", "pk": 239, "fields": {"haor_id": 9, "name": "Irrigation Inlet No-84 in  Dakhshiner Haor Project ", "start_chainage": "0.000", "finish_chainage": "0.000", "length": "0.000", "volume": "0.000", "vent_no": 0, "dpp_cost": "0.000", "worktype_id": 7}}, {"model": "progress.dpp_intervention", "pk": 240, "fields": {"haor_id": 9, "name": "Irrigation Inlet No-85 in  Dakhshiner Haor Project ", "start_chainage": "0.000", "finish_chainage": "0.000", "length": "0.000", "volume": "0.000", "vent_no": 0, "dpp_cost": "0.000", "worktype_id": 7}}, {"model": "progress.dpp_intervention", "pk": 241, "fields": {"haor_id": 9, "name": "Irrigation Inlet No-86 in  Dakhshiner Haor Project ", "start_chainage": "0.000", "finish_chainage": "0.000", "length": "0.000", "volume": "0.000", "vent_no": 0, "dpp_cost": "0.000", "worktype_id": 7}}, {"model": "progress.dpp_intervention", "pk": 242, "fields": {"haor_id": 13, "name": "Irrigation Inlet No-87 in  Mokhar Haor Project ", "start_chainage": "0.000", "finish_chainage": "0.000", "length": "0.000", "volume": "0.000", "vent_no": 0, "dpp_cost": "0.000", "worktype_id": 7}}, {"model": "progress.dpp_intervention", "pk": 243, "fields": {"haor_id": 13, "name": "Irrigation Inlet No-88 in  Mokhar Haor Project ", "start_chainage": "0.000", "finish_chainage": "0.000", "length": "0.000", "volume": "0.000", "vent_no": 0, "dpp_cost": "0.000", "worktype_id": 7}}, {"model": "progress.dpp_intervention", "pk": 244, "fields": {"haor_id": 13, "name": "Irrigation Inlet No-89 in  Mokhar Haor Project ", "start_chainage": "0.000", "finish_chainage": "0.000", "length": "0.000", "volume": "0.000", "vent_no": 0, "dpp_cost": "0.000", "worktype_id": 7}}, {"model": "progress.dpp_intervention", "pk": 245, "fields": {"haor_id": 13, "name": "Irrigation Inlet No-90 in  Mokhar Haor Project ", "start_chainage": "0.000", "finish_chainage": "0.000", "length": "0.000", "volume": "0.000", "vent_no": 0, "dpp_cost": "0.000", "worktype_id": 7}}, {"model": "progress.dpp_intervention", "pk": 246, "fields": {"haor_id": 13, "name": "Irrigation Inlet No-91 in  Mokhar Haor Project ", "start_chainage": "0.000", "finish_chainage": "0.000", "length": "0.000", "volume": "0.000", "vent_no": 0, "dpp_cost": "0.000", "worktype_id": 7}}, {"model": "progress.dpp_intervention", "pk": 247, "fields": {"haor_id": 13, "name": "Irrigation Inlet No-92 in  Mokhar Haor Project ", "start_chainage": "0.000", "finish_chainage": "0.000", "length": "0.000", "volume": "0.000", "vent_no": 0, "dpp_cost": "0.000", "worktype_id": 7}}, {"model": "progress.dpp_intervention", "pk": 248, "fields": {"haor_id": 13, "name": "Irrigation Inlet No-93 in  Mokhar Haor Project ", "start_chainage": "0.000", "finish_chainage": "0.000", "length": "0.000", "volume": "0.000", "vent_no": 0, "dpp_cost": "0.000", "worktype_id": 7}}, {"model": "progress.dpp_intervention", "pk": 249, "fields": {"haor_id": 13, "name": "Irrigation Inlet No-94 in  Mokhar Haor Project ", "start_chainage": "0.000", "finish_chainage": "0.000", "length": "0.000", "volume": "0.000", "vent_no": 0, "dpp_cost": "0.000", "worktype_id": 7}}, {"model": "progress.dpp_intervention", "pk": 250, "fields": {"haor_id": 13, "name": "Irrigation Inlet No-95 in  Mokhar Haor Project ", "start_chainage": "0.000", "finish_chainage": "0.000", "length": "0.000", "volume": "0.000", "vent_no": 0, "dpp_cost": "0.000", "worktype_id": 7}}, {"model": "progress.dpp_intervention", "pk": 251, "fields": {"haor_id": 13, "name": "Irrigation Inlet No-96 in  Mokhar Haor Project ", "start_chainage": "0.000", "finish_chainage": "0.000", "length": "0.000", "volume": "0.000", "vent_no": 0, "dpp_cost": "0.000", "worktype_id": 7}}, {"model": "progress.dpp_intervention", "pk": 252, "fields": {"haor_id": 13, "name": "Irrigation Inlet No-97 in  Mokhar Haor Project ", "start_chainage": "0.000", "finish_chainage": "0.000", "length": "0.000", "volume": "0.000", "vent_no": 0, "dpp_cost": "0.000", "worktype_id": 7}}, {"model": "progress.dpp_intervention", "pk": 253, "fields": {"haor_id": 13, "name": "Irrigation Inlet No-98 in  Mokhar Haor Project ", "start_chainage": "0.000", "finish_chainage": "0.000", "length": "0.000", "volume": "0.000", "vent_no": 0, "dpp_cost": "0.000", "worktype_id": 7}}, {"model": "progress.dpp_intervention", "pk": 254, "fields": {"haor_id": 13, "name": "Irrigation Inlet No-99 in  Mokhar Haor Project ", "start_chainage": "0.000", "finish_chainage": "0.000", "length": "0.000", "volume": "0.000", "vent_no": 0, "dpp_cost": "0.000", "worktype_id": 7}}, {"model": "progress.dpp_intervention", "pk": 255, "fields": {"haor_id": 13, "name": "Irrigation Inlet No-100 in  Mokhar Haor Project ", "start_chainage": "0.000", "finish_chainage": "0.000", "length": "0.000", "volume": "0.000", "vent_no": 0, "dpp_cost": "0.000", "worktype_id": 7}}, {"model": "progress.dpp_intervention", "pk": 256, "fields": {"haor_id": 13, "name": "Irrigation Inlet No-101 in  Mokhar Haor Project ", "start_chainage": "0.000", "finish_chainage": "0.000", "length": "0.000", "volume": "0.000", "vent_no": 0, "dpp_cost": "0.000", "worktype_id": 7}}, {"model": "progress.dpp_intervention", "pk": 257, "fields": {"haor_id": 11, "name": "Irrigation Inlet No-102 in  Ganesh Haor Project ", "start_chainage": "0.000", "finish_chainage": "0.000", "length": "0.000", "volume": "0.000", "vent_no": 0, "dpp_cost": "0.000", "worktype_id": 7}}, {"model": "progress.dpp_intervention", "pk": 258, "fields": {"haor_id": 11, "name": "Irrigation Inlet No-103 in  Ganesh Haor Project ", "start_chainage": "0.000", "finish_chainage": "0.000", "length": "0.000", "volume": "0.000", "vent_no": 0, "dpp_cost": "0.000", "worktype_id": 7}}, {"model": "progress.dpp_intervention", "pk": 259, "fields": {"haor_id": 4, "name": "Irrigation Inlet No-104 in  Dharmapasha Rui Beel Project ", "start_chainage": "0.000", "finish_chainage": "0.000", "length": "0.000", "volume": "0.000", "vent_no": 0, "dpp_cost": "0.000", "worktype_id": 7}}, {"model": "progress.dpp_intervention", "pk": 260, "fields": {"haor_id": 4, "name": "Irrigation Inlet No-105 in  Dharmapasha Rui Beel Project ", "start_chainage": "0.000", "finish_chainage": "0.000", "length": "0.000", "volume": "0.000", "vent_no": 0, "dpp_cost": "0.000", "worktype_id": 7}}, {"model": "progress.dpp_intervention", "pk": 261, "fields": {"haor_id": 4, "name": "Irrigation Inlet No-106 in  Dharmapasha Rui Beel Project ", "start_chainage": "0.000", "finish_chainage": "0.000", "length": "0.000", "volume": "0.000", "vent_no": 0, "dpp_cost": "0.000", "worktype_id": 7}}, {"model": "progress.dpp_intervention", "pk": 262, "fields": {"haor_id": 4, "name": "Irrigation Inlet No-107 in  Dharmapasha Rui Beel Project ", "start_chainage": "0.000", "finish_chainage": "0.000", "length": "0.000", "volume": "0.000", "vent_no": 0, "dpp_cost": "0.000", "worktype_id": 7}}, {"model": "progress.dpp_intervention", "pk": 263, "fields": {"haor_id": 4, "name": "Irrigation Inlet No-108 in  Dharmapasha Rui Beel Project ", "start_chainage": "0.000", "finish_chainage": "0.000", "length": "0.000", "volume": "0.000", "vent_no": 0, "dpp_cost": "0.000", "worktype_id": 7}}, {"model": "progress.dpp_intervention", "pk": 264, "fields": {"haor_id": 4, "name": "Irrigation Inlet No-109 in  Dharmapasha Rui Beel Project ", "start_chainage": "0.000", "finish_chainage": "0.000", "length": "0.000", "volume": "0.000", "vent_no": 0, "dpp_cost": "0.000", "worktype_id": 7}}, {"model": "progress.dpp_intervention", "pk": 265, "fields": {"haor_id": 4, "name": "Irrigation Inlet No-110 in  Dharmapasha Rui Beel Project ", "start_chainage": "0.000", "finish_chainage": "0.000", "length": "0.000", "volume": "0.000", "vent_no": 0, "dpp_cost": "0.000", "worktype_id": 7}}, {"model": "progress.dpp_intervention", "pk": 266, "fields": {"haor_id": 4, "name": "Irrigation Inlet No-111 in  Dharmapasha Rui Beel Project ", "start_chainage": "0.000", "finish_chainage": "0.000", "length": "0.000", "volume": "0.000", "vent_no": 0, "dpp_cost": "0.000", "worktype_id": 7}}, {"model": "progress.dpp_intervention", "pk": 267, "fields": {"haor_id": 4, "name": "Irrigation Inlet No-112 in  Dharmapasha Rui Beel Project ", "start_chainage": "0.000", "finish_chainage": "0.000", "length": "0.000", "volume": "0.000", "vent_no": 0, "dpp_cost": "0.000", "worktype_id": 7}}, {"model": "progress.dpp_intervention", "pk": 268, "fields": {"haor_id": 4, "name": "Irrigation Inlet No-113 in  Dharmapasha Rui Beel Project ", "start_chainage": "0.000", "finish_chainage": "0.000", "length": "0.000", "volume": "0.000", "vent_no": 0, "dpp_cost": "0.000", "worktype_id": 7}}, {"model": "progress.dpp_intervention", "pk": 269, "fields": {"haor_id": 4, "name": "Irrigation Inlet No-114 in  Dharmapasha Rui Beel Project ", "start_chainage": "0.000", "finish_chainage": "0.000", "length": "0.000", "volume": "0.000", "vent_no": 0, "dpp_cost": "0.000", "worktype_id": 7}}, {"model": "progress.dpp_intervention", "pk": 270, "fields": {"haor_id": 4, "name": "Irrigation Inlet No-115 in  Dharmapasha Rui Beel Project ", "start_chainage": "0.000", "finish_chainage": "0.000", "length": "0.000", "volume": "0.000", "vent_no": 0, "dpp_cost": "0.000", "worktype_id": 7}}, {"model": "progress.dpp_intervention", "pk": 271, "fields": {"haor_id": 4, "name": "Irrigation Inlet No-116 in  Dharmapasha Rui Beel Project ", "start_chainage": "0.000", "finish_chainage": "0.000", "length": "0.000", "volume": "0.000", "vent_no": 0, "dpp_cost": "0.000", "worktype_id": 7}}, {"model": "progress.dpp_intervention", "pk": 272, "fields": {"haor_id": 4, "name": "Irrigation Inlet No-117 in  Dharmapasha Rui Beel Project ", "start_chainage": "0.000", "finish_chainage": "0.000", "length": "0.000", "volume": "0.000", "vent_no": 0, "dpp_cost": "0.000", "worktype_id": 7}}, {"model": "progress.dpp_intervention", "pk": 273, "fields": {"haor_id": 4, "name": "Irrigation Inlet No-118 in  Dharmapasha Rui Beel Project ", "start_chainage": "0.000", "finish_chainage": "0.000", "length": "0.000", "volume": "0.000", "vent_no": 0, "dpp_cost": "0.000", "worktype_id": 7}}, {"model": "progress.dpp_intervention", "pk": 274, "fields": {"haor_id": 3, "name": "Irrigation Inlet No-119 in  Jaliar Haor Project ", "start_chainage": "0.000", "finish_chainage": "0.000", "length": "0.000", "volume": "0.000", "vent_no": 0, "dpp_cost": "0.000", "worktype_id": 7}}, {"model": "progress.dpp_intervention", "pk": 275, "fields": {"haor_id": 3, "name": "Irrigation Inlet No-120 in  Jaliar Haor Project ", "start_chainage": "0.000", "finish_chainage": "0.000", "length": "0.000", "volume": "0.000", "vent_no": 0, "dpp_cost": "0.000", "worktype_id": 7}}, {"model": "progress.dpp_intervention", "pk": 276, "fields": {"haor_id": 3, "name": "Irrigation Inlet No-121 in  Jaliar Haor Project ", "start_chainage": "0.000", "finish_chainage": "0.000", "length": "0.000", "volume": "0.000", "vent_no": 0, "dpp_cost": "0.000", "worktype_id": 7}}, {"model": "progress.dpp_intervention", "pk": 277, "fields": {"haor_id": 3, "name": "Irrigation Inlet No-122 in  Jaliar Haor Project ", "start_chainage": "0.000", "finish_chainage": "0.000", "length": "0.000", "volume": "0.000", "vent_no": 0, "dpp_cost": "0.000", "worktype_id": 7}}, {"model": "progress.dpp_intervention", "pk": 278, "fields": {"haor_id": 12, "name": "Irrigation Inlet No-123 in  Dhakua Haor Project ", "start_chainage": "0.000", "finish_chainage": "0.000", "length": "0.000", "volume": "0.000", "vent_no": 0, "dpp_cost": "0.000", "worktype_id": 7}}, {"model": "progress.dpp_intervention", "pk": 279, "fields": {"haor_id": 12, "name": "Irrigation Inlet No-124 in  Dhakua Haor Project ", "start_chainage": "0.000", "finish_chainage": "0.000", "length": "0.000", "volume": "0.000", "vent_no": 0, "dpp_cost": "0.000", "worktype_id": 7}}, {"model": "progress.dpp_intervention", "pk": 280, "fields": {"haor_id": 12, "name": "Irrigation Inlet No-125 in  Dhakua Haor Project ", "start_chainage": "0.000", "finish_chainage": "0.000", "length": "0.000", "volume": "0.000", "vent_no": 0, "dpp_cost": "0.000", "worktype_id": 7}}, {"model": "progress.dpp_intervention", "pk": 281, "fields": {"haor_id": 12, "name": "Irrigation Inlet No-126 in  Dhakua Haor Project ", "start_chainage": "0.000", "finish_chainage": "0.000", "length": "0.000", "volume": "0.000", "vent_no": 0, "dpp_cost": "0.000", "worktype_id": 7}}, {"model": "progress.dpp_intervention", "pk": 282, "fields": {"haor_id": 12, "name": "Irrigation Inlet No-127 in  Dhakua Haor Project ", "start_chainage": "0.000", "finish_chainage": "0.000", "length": "0.000", "volume": "0.000", "vent_no": 0, "dpp_cost": "0.000", "worktype_id": 7}}, {"model": "progress.dpp_intervention", "pk": 283, "fields": {"haor_id": 12, "name": "Irrigation Inlet No-128 in  Dhakua Haor Project ", "start_chainage": "0.000", "finish_chainage": "0.000", "length": "0.000", "volume": "0.000", "vent_no": 0, "dpp_cost": "0.000", "worktype_id": 7}}, {"model": "progress.dpp_intervention", "pk": 284, "fields": {"haor_id": 12, "name": "Irrigation Inlet No-129 in  Dhakua Haor Project ", "start_chainage": "0.000", "finish_chainage": "0.000", "length": "0.000", "volume": "0.000", "vent_no": 0, "dpp_cost": "0.000", "worktype_id": 7}}, {"model": "progress.dpp_intervention", "pk": 285, "fields": {"haor_id": 12, "name": "Irrigation Inlet No-130 in  Dhakua Haor Project ", "start_chainage": "0.000", "finish_chainage": "0.000", "length": "0.000", "volume": "0.000", "vent_no": 0, "dpp_cost": "0.000", "worktype_id": 7}}, {"model": "progress.dpp_intervention", "pk": 286, "fields": {"haor_id": 12, "name": "Irrigation Inlet No-131 in  Dhakua Haor Project ", "start_chainage": "0.000", "finish_chainage": "0.000", "length": "0.000", "volume": "0.000", "vent_no": 0, "dpp_cost": "0.000", "worktype_id": 7}}, {"model": "progress.dpp_intervention", "pk": 287, "fields": {"haor_id": 5, "name": "Diakul Khal from  km 1.710 to m  4.690=2.980", "start_chainage": "1.700", "finish_chainage": "4.690", "length": "2.990", "volume": "0.000", "vent_no": 0, "dpp_cost": "0.000", "worktype_id": 3}}, {"model": "progress.dpp_intervention", "pk": 288, "fields": {"haor_id": 5, "name": "Manikkhali Khal", "start_chainage": "0.180", "finish_chainage": "4.655", "length": "4.475", "volume": "0.000", "vent_no": 0, "dpp_cost": "0.000", "worktype_id": 3}}, {"model": "progress.dpp_intervention", "pk": 289, "fields": {"haor_id": 5, "name": "Bamon Khal", "start_chainage": "0.000", "finish_chainage": "2.225", "length": "2.225", "volume": "0.000", "vent_no": 0, "dpp_cost": "0.000", "worktype_id": 3}}, {"model": "progress.dpp_intervention", "pk": 290, "fields": {"haor_id": 5, "name": "Goradar Khal", "start_chainage": "0.000", "finish_chainage": "2.380", "length": "2.380", "volume": "0.000", "vent_no": 0, "dpp_cost": "0.000", "worktype_id": 3}}, {"model": "progress.dpp_intervention", "pk": 292, "fields": {"haor_id": 1, "name": "Hajirkhali Khal", "start_chainage": "0.175", "finish_chainage": "1.810", "length": "1.635", "volume": "0.000", "vent_no": 0, "dpp_cost": "0.000", "worktype_id": 3}}, {"model": "progress.dpp_intervention", "pk": 293, "fields": {"haor_id": 1, "name": "Karpasha Khal", "start_chainage": "0.100", "finish_chainage": "1.615", "length": "1.515", "volume": "0.000", "vent_no": 0, "dpp_cost": "0.000", "worktype_id": 3}}, {"model": "progress.dpp_intervention", "pk": 294, "fields": {"haor_id": 1, "name": "Dampara Khal", "start_chainage": "0.040", "finish_chainage": "3.600", "length": "3.560", "volume": "0.000", "vent_no": 0, "dpp_cost": "0.000", "worktype_id": 3}}, {"model": "progress.dpp_intervention", "pk": 295, "fields": {"haor_id": 1, "name": "Baniajan Khal", "start_chainage": "0.160", "finish_chainage": "7.060", "length": "6.900", "volume": "0.000", "vent_no": 0, "dpp_cost": "0.000", "worktype_id": 3}}, {"model": "progress.dpp_intervention", "pk": 296, "fields": {"haor_id": 1, "name": "Suti Khal", "start_chainage": "0.000", "finish_chainage": "6.100", "length": "6.100", "volume": "0.000", "vent_no": 0, "dpp_cost": "0.000", "worktype_id": 3}}, {"model": "progress.dpp_intervention", "pk": 297, "fields": {"haor_id": 1, "name": "Diga Nadi", "start_chainage": "2.500", "finish_chainage": "8.100", "length": "5.600", "volume": "0.000", "vent_no": 0, "dpp_cost": "0.000", "worktype_id": 4}}, {"model": "progress.dpp_intervention", "pk": 298, "fields": {"haor_id": 1, "name": "Old Singua River", "start_chainage": "7.300", "finish_chainage": "14.400", "length": "7.100", "volume": "0.000", "vent_no": 0, "dpp_cost": "0.000", "worktype_id": 4}}, {"model": "progress.dpp_intervention", "pk": 299, "fields": {"haor_id": 14, "name": "Lalpur Khal", "start_chainage": "0.410", "finish_chainage": "4.400", "length": "3.990", "volume": "0.000", "vent_no": 0, "dpp_cost": "0.000", "worktype_id": 3}}, {"model": "progress.dpp_intervention", "pk": 300, "fields": {"haor_id": 14, "name": "Naluar Khal", "start_chainage": "0.200", "finish_chainage": "0.800", "length": "0.600", "volume": "0.000", "vent_no": 0, "dpp_cost": "0.000", "worktype_id": 3}}, {"model": "progress.dpp_intervention", "pk": 301, "fields": {"haor_id": 14, "name": "Maharkona Khal", "start_chainage": "0.300", "finish_chainage": "3.300", "length": "3.000", "volume": "0.000", "vent_no": 0, "dpp_cost": "0.000", "worktype_id": 3}}, {"model": "progress.dpp_intervention", "pk": 302, "fields": {"haor_id": 14, "name": "Nabinpur Khal", "start_chainage": "4.000", "finish_chainage": "6.800", "length": "2.800", "volume": "0.000", "vent_no": 0, "dpp_cost": "0.000", "worktype_id": 3}}, {"model": "progress.dpp_intervention", "pk": 303, "fields": {"haor_id": 14, "name": "Jalalpur Khal", "start_chainage": "0.090", "finish_chainage": "0.457", "length": "0.367", "volume": "0.000", "vent_no": 0, "dpp_cost": "0.000", "worktype_id": 3}}, {"model": "progress.dpp_intervention", "pk": 304, "fields": {"haor_id": 8, "name": "Kata Khal", "start_chainage": "0.000", "finish_chainage": "0.600", "length": "0.600", "volume": "0.000", "vent_no": 0, "dpp_cost": "0.000", "worktype_id": 3}}, {"model": "progress.dpp_intervention", "pk": 305, "fields": {"haor_id": 8, "name": "Mahinhandra Khal", "start_chainage": "1.000", "finish_chainage": "1.900", "length": "0.900", "volume": "0.000", "vent_no": 0, "dpp_cost": "0.000", "worktype_id": 3}}, {"model": "progress.dpp_intervention", "pk": 306, "fields": {"haor_id": 8, "name": "Samarbari Khal", "start_chainage": "0.000", "finish_chainage": "3.990", "length": "3.990", "volume": "0.000", "vent_no": 0, "dpp_cost": "0.000", "worktype_id": 3}}, {"model": "progress.dpp_intervention", "pk": 307, "fields": {"haor_id": 8, "name": "Kata Khali Khal", "start_chainage": "0.200", "finish_chainage": "4.000", "length": "3.800", "volume": "0.000", "vent_no": 0, "dpp_cost": "0.000", "worktype_id": 3}}, {"model": "progress.dpp_intervention", "pk": 308, "fields": {"haor_id": 8, "name": "Kurigai Gang", "start_chainage": "0.000", "finish_chainage": "8.380", "length": "8.380", "volume": "0.000", "vent_no": 0, "dpp_cost": "0.000", "worktype_id": 4}}, {"model": "progress.dpp_intervention", "pk": 309, "fields": {"haor_id": 8, "name": "Beri Gang", "start_chainage": "0.000", "finish_chainage": "3.560", "length": "3.560", "volume": "0.000", "vent_no": 0, "dpp_cost": "0.000", "worktype_id": 4}}, {"model": "progress.dpp_intervention", "pk": 310, "fields": {"haor_id": 2, "name": "Pangair Dair Khal", "start_chainage": "0.080", "finish_chainage": "4.360", "length": "4.280", "volume": "0.000", "vent_no": 0, "dpp_cost": "0.000", "worktype_id": 3}}, {"model": "progress.dpp_intervention", "pk": 311, "fields": {"haor_id": 2, "name": "Bera Khal", "start_chainage": "0.520", "finish_chainage": "2.030", "length": "1.510", "volume": "0.000", "vent_no": 0, "dpp_cost": "0.000", "worktype_id": 3}}, {"model": "progress.dpp_intervention", "pk": 312, "fields": {"haor_id": 2, "name": "Gokhra Khal", "start_chainage": "0.185", "finish_chainage": "0.910", "length": "0.730", "volume": "0.000", "vent_no": 0, "dpp_cost": "0.000", "worktype_id": 3}}, {"model": "progress.dpp_intervention", "pk": 313, "fields": {"haor_id": 2, "name": "Markhali Khal", "start_chainage": "1.010", "finish_chainage": "4.120", "length": "3.110", "volume": "0.000", "vent_no": 0, "dpp_cost": "0.000", "worktype_id": 3}}, {"model": "progress.dpp_intervention", "pk": 314, "fields": {"haor_id": 2, "name": "Nandir Khal", "start_chainage": "0.000", "finish_chainage": "5.985", "length": "5.990", "volume": "0.000", "vent_no": 0, "dpp_cost": "0.000", "worktype_id": 3}}, {"model": "progress.dpp_intervention", "pk": 315, "fields": {"haor_id": 2, "name": "Khaiyar Khal", "start_chainage": "0.495", "finish_chainage": "8.405", "length": "7.910", "volume": "0.000", "vent_no": 0, "dpp_cost": "0.000", "worktype_id": 3}}, {"model": "progress.dpp_intervention", "pk": 316, "fields": {"haor_id": 2, "name": "Neora Khal", "start_chainage": "0.120", "finish_chainage": "2.635", "length": "2.520", "volume": "0.000", "vent_no": 0, "dpp_cost": "0.000", "worktype_id": 3}}, {"model": "progress.dpp_intervention", "pk": 317, "fields": {"haor_id": 2, "name": "Berachapra River", "start_chainage": "0.000", "finish_chainage": "15.820", "length": "15.820", "volume": "0.000", "vent_no": 0, "dpp_cost": "0.000", "worktype_id": 4}}, {"model": "progress.dpp_intervention", "pk": 318, "fields": {"haor_id": 2, "name": "Atoplal River", "start_chainage": "0.000", "finish_chainage": "7.113", "length": "7.110", "volume": "0.000", "vent_no": 0, "dpp_cost": "0.000", "worktype_id": 4}}, {"model": "progress.dpp_intervention", "pk": 319, "fields": {"haor_id": 9, "name": "Shankir Khal", "start_chainage": "0.410", "finish_chainage": "8.995", "length": "8.585", "volume": "0.000", "vent_no": 0, "dpp_cost": "0.000", "worktype_id": 3}}, {"model": "progress.dpp_intervention", "pk": 320, "fields": {"haor_id": 9, "name": "Bantai River", "start_chainage": "0.000", "finish_chainage": "1.650", "length": "1.650", "volume": "0.000", "vent_no": 0, "dpp_cost": "0.000", "worktype_id": 4}}, {"model": "progress.dpp_intervention", "pk": 321, "fields": {"haor_id": 13, "name": "Chargaowdair Khal", "start_chainage": "0.170", "finish_chainage": "3.206", "length": "3.036", "volume": "0.000", "vent_no": 0, "dpp_cost": "0.000", "worktype_id": 3}}, {"model": "progress.dpp_intervention", "pk": 322, "fields": {"haor_id": 13, "name": "Chhotokatari Khal", "start_chainage": "0.184", "finish_chainage": "3.448", "length": "3.264", "volume": "0.000", "vent_no": 0, "dpp_cost": "0.000", "worktype_id": 3}}, {"model": "progress.dpp_intervention", "pk": 323, "fields": {"haor_id": 13, "name": "Rajendrapur Khal", "start_chainage": "0.000", "finish_chainage": "4.327", "length": "4.327", "volume": "0.000", "vent_no": 0, "dpp_cost": "0.000", "worktype_id": 3}}, {"model": "progress.dpp_intervention", "pk": 324, "fields": {"haor_id": 13, "name": "Islampur Khal", "start_chainage": "0.157", "finish_chainage": "0.791", "length": "0.634", "volume": "0.000", "vent_no": 0, "dpp_cost": "0.000", "worktype_id": 3}}, {"model": "progress.dpp_intervention", "pk": 325, "fields": {"haor_id": 13, "name": "Salukadar Khal", "start_chainage": "0.000", "finish_chainage": "2.428", "length": "2.428", "volume": "0.000", "vent_no": 0, "dpp_cost": "0.000", "worktype_id": 3}}, {"model": "progress.dpp_intervention", "pk": 326, "fields": {"haor_id": 13, "name": "Soay beel khal", "start_chainage": "0.094", "finish_chainage": "3.379", "length": "3.285", "volume": "0.000", "vent_no": 0, "dpp_cost": "0.000", "worktype_id": 3}}, {"model": "progress.dpp_intervention", "pk": 327, "fields": {"haor_id": 13, "name": "Chatal beel Khal", "start_chainage": "0.000", "finish_chainage": "5.217", "length": "5.217", "volume": "0.000", "vent_no": 0, "dpp_cost": "0.000", "worktype_id": 3}}, {"model": "progress.dpp_intervention", "pk": 328, "fields": {"haor_id": 13, "name": "Purohogun khal", "start_chainage": "0.000", "finish_chainage": "2.428", "length": "2.428", "volume": "0.000", "vent_no": 0, "dpp_cost": "0.000", "worktype_id": 3}}, {"model": "progress.dpp_intervention", "pk": 329, "fields": {"haor_id": 13, "name": "Ratna River", "start_chainage": "0.000", "finish_chainage": "10.000", "length": "8.614", "volume": "0.000", "vent_no": 0, "dpp_cost": "0.000", "worktype_id": 4}}, {"model": "progress.dpp_intervention", "pk": 330, "fields": {"haor_id": 13, "name": "Sutki River", "start_chainage": "13.100", "finish_chainage": "17.600", "length": "4.500", "volume": "0.000", "vent_no": 0, "dpp_cost": "0.000", "worktype_id": 3}}, {"model": "progress.dpp_intervention", "pk": 331, "fields": {"haor_id": 11, "name": "Narsua River", "start_chainage": "0.000", "finish_chainage": "6.225", "length": "6.225", "volume": "0.000", "vent_no": 0, "dpp_cost": "0.000", "worktype_id": 3}}, {"model": "progress.dpp_intervention", "pk": 332, "fields": {"haor_id": 11, "name": "Ichamati Khal", "start_chainage": "0.072", "finish_chainage": "1.250", "length": "1.178", "volume": "0.000", "vent_no": 0, "dpp_cost": "0.000", "worktype_id": 3}}, {"model": "progress.dpp_intervention", "pk": 333, "fields": {"haor_id": 11, "name": "Chapri Khal", "start_chainage": "0.280", "finish_chainage": "2.590", "length": "2.310", "volume": "0.000", "vent_no": 0, "dpp_cost": "0.000", "worktype_id": 3}}, {"model": "progress.dpp_intervention", "pk": 334, "fields": {"haor_id": 11, "name": "Ukhra Khal", "start_chainage": "0.110", "finish_chainage": "2.043", "length": "1.933", "volume": "0.000", "vent_no": 0, "dpp_cost": "0.000", "worktype_id": 3}}, {"model": "progress.dpp_intervention", "pk": 335, "fields": {"haor_id": 12, "name": "Juringa Khal", "start_chainage": "0.000", "finish_chainage": "1.500", "length": "1.500", "volume": "0.000", "vent_no": 0, "dpp_cost": "0.000", "worktype_id": 3}}, {"model": "progress.dpp_intervention", "pk": 336, "fields": {"haor_id": 12, "name": "Puknarai Khal", "start_chainage": "0.000", "finish_chainage": "1.560", "length": "1.560", "volume": "0.000", "vent_no": 0, "dpp_cost": "0.000", "worktype_id": 3}}, {"model": "progress.dpp_intervention", "pk": 337, "fields": {"haor_id": 12, "name": "Dariabaz Khal", "start_chainage": "0.000", "finish_chainage": "1.500", "length": "1.500", "volume": "0.000", "vent_no": 0, "dpp_cost": "0.000", "worktype_id": 3}}, {"model": "progress.dpp_intervention", "pk": 338, "fields": {"haor_id": 4, "name": "Dharam khal", "start_chainage": "0.000", "finish_chainage": "1.100", "length": "1.100", "volume": "0.000", "vent_no": 0, "dpp_cost": "0.000", "worktype_id": 3}}, {"model": "progress.dpp_intervention", "pk": 339, "fields": {"haor_id": 4, "name": "Agunia Khal", "start_chainage": "0.000", "finish_chainage": "8.000", "length": "8.000", "volume": "0.000", "vent_no": 0, "dpp_cost": "0.000", "worktype_id": 3}}, {"model": "progress.dpp_intervention", "pk": 340, "fields": {"haor_id": 4, "name": "Rui Beel Khal", "start_chainage": "0.000", "finish_chainage": "3.500", "length": "3.500", "volume": "0.000", "vent_no": 0, "dpp_cost": "0.000", "worktype_id": 3}}, {"model": "progress.dpp_intervention", "pk": 341, "fields": {"haor_id": 4, "name": "Undani Khal", "start_chainage": "0.000", "finish_chainage": "4.000", "length": "4.000", "volume": "0.000", "vent_no": 0, "dpp_cost": "0.000", "worktype_id": 3}}, {"model": "progress.dpp_intervention", "pk": 342, "fields": {"haor_id": 4, "name": "Dahar Gang", "start_chainage": "0.000", "finish_chainage": "7.000", "length": "7.000", "volume": "0.000", "vent_no": 0, "dpp_cost": "0.000", "worktype_id": 3}}, {"model": "progress.dpp_intervention", "pk": 343, "fields": {"haor_id": 4, "name": "Kolma Khal", "start_chainage": "3.600", "finish_chainage": "7.000", "length": "3.400", "volume": "0.000", "vent_no": 0, "dpp_cost": "0.000", "worktype_id": 3}}, {"model": "progress.dpp_intervention", "pk": 344, "fields": {"haor_id": 4, "name": "Khurma Khal", "start_chainage": "0.000", "finish_chainage": "9.000", "length": "9.000", "volume": "0.000", "vent_no": 0, "dpp_cost": "0.000", "worktype_id": 3}}, {"model": "progress.dpp_intervention", "pk": 345, "fields": {"haor_id": 4, "name": "Baraia Khal", "start_chainage": "0.000", "finish_chainage": "2.700", "length": "2.700", "volume": "0.000", "vent_no": 0, "dpp_cost": "0.000", "worktype_id": 3}}, {"model": "progress.dpp_intervention", "pk": 346, "fields": {"haor_id": 4, "name": "Dagar Khal", "start_chainage": "1.200", "finish_chainage": "3.200", "length": "2.000", "volume": "0.000", "vent_no": 0, "dpp_cost": "0.000", "worktype_id": 3}}, {"model": "progress.dpp_intervention", "pk": 347, "fields": {"haor_id": 4, "name": "Rajapur Khal", "start_chainage": "0.000", "finish_chainage": "2.800", "length": "2.800", "volume": "0.000", "vent_no": 0, "dpp_cost": "0.000", "worktype_id": 3}}, {"model": "progress.dpp_intervention", "pk": 348, "fields": {"haor_id": 4, "name": "Banni Khal-1", "start_chainage": "0.000", "finish_chainage": "2.600", "length": "2.600", "volume": "0.000", "vent_no": 0, "dpp_cost": "0.000", "worktype_id": 3}}, {"model": "progress.dpp_intervention", "pk": 349, "fields": {"haor_id": 4, "name": "Banni Khal-2", "start_chainage": "0.000", "finish_chainage": "2.900", "length": "2.900", "volume": "0.000", "vent_no": 0, "dpp_cost": "0.000", "worktype_id": 3}}, {"model": "progress.dpp_intervention", "pk": 350, "fields": {"haor_id": 4, "name": "Bir Khal", "start_chainage": "0.000", "finish_chainage": "2.400", "length": "2.400", "volume": "0.000", "vent_no": 0, "dpp_cost": "0.000", "worktype_id": 3}}, {"model": "progress.dpp_intervention", "pk": 351, "fields": {"haor_id": 4, "name": "Banni Link Khal", "start_chainage": "0.000", "finish_chainage": "1.500", "length": "1.500", "volume": "0.000", "vent_no": 0, "dpp_cost": "0.000", "worktype_id": 3}}, {"model": "progress.dpp_intervention", "pk": 352, "fields": {"haor_id": 4, "name": "Islam Beel Khal", "start_chainage": "0.000", "finish_chainage": "4.500", "length": "4.500", "volume": "0.000", "vent_no": 0, "dpp_cost": "0.000", "worktype_id": 3}}, {"model": "progress.dpp_intervention", "pk": 353, "fields": {"haor_id": 4, "name": "Saitan Khal", "start_chainage": "0.000", "finish_chainage": "3.000", "length": "3.000", "volume": "0.000", "vent_no": 0, "dpp_cost": "0.000", "worktype_id": 3}}, {"model": "progress.dpp_intervention", "pk": 354, "fields": {"haor_id": 4, "name": "Gobra Khal", "start_chainage": "0.000", "finish_chainage": "3.000", "length": "3.000", "volume": "0.000", "vent_no": 0, "dpp_cost": "0.000", "worktype_id": 3}}, {"model": "progress.dpp_intervention", "pk": 355, "fields": {"haor_id": 6, "name": "Phuleswari Khal", "start_chainage": "0.180", "finish_chainage": "3.960", "length": "3.780", "volume": "0.000", "vent_no": 0, "dpp_cost": "0.000", "worktype_id": 3}}, {"model": "progress.dpp_intervention", "pk": 356, "fields": {"haor_id": 6, "name": "Goalkhali Khal", "start_chainage": "0.480", "finish_chainage": "2.580", "length": "2.100", "volume": "0.000", "vent_no": 0, "dpp_cost": "0.000", "worktype_id": 3}}, {"model": "progress.dpp_intervention", "pk": 357, "fields": {"haor_id": 6, "name": "Kalna", "start_chainage": "0.760", "finish_chainage": "1.940", "length": "1.180", "volume": "0.000", "vent_no": 0, "dpp_cost": "0.000", "worktype_id": 3}}, {"model": "progress.dpp_intervention", "pk": 358, "fields": {"haor_id": 6, "name": "Suti Nadi", "start_chainage": "2.527", "finish_chainage": "17.766", "length": "15.239", "volume": "0.000", "vent_no": 0, "dpp_cost": "0.000", "worktype_id": 4}}, {"model": "progress.dpp_intervention", "pk": 359, "fields": {"haor_id": 10, "name": "Mogar Khal", "start_chainage": "0.000", "finish_chainage": "0.150", "length": "0.150", "volume": "0.000", "vent_no": 0, "dpp_cost": "0.000", "worktype_id": 3}}, {"model": "progress.dpp_intervention", "pk": 360, "fields": {"haor_id": 10, "name": "Mozilla Khal", "start_chainage": "0.000", "finish_chainage": "1.780", "length": "1.780", "volume": "0.000", "vent_no": 0, "dpp_cost": "0.000", "worktype_id": 3}}, {"model": "progress.dpp_intervention", "pk": 361, "fields": {"haor_id": 7, "name": "Sajna Khal", "start_chainage": "0.000", "finish_chainage": "1.000", "length": "1.000", "volume": "0.000", "vent_no": 0, "dpp_cost": "0.000", "worktype_id": 3}}, {"model": "progress.dpp_intervention", "pk": 362, "fields": {"haor_id": 7, "name": "Chandrapur Khal", "start_chainage": "0.000", "finish_chainage": "0.700", "length": "0.700", "volume": "0.000", "vent_no": 0, "dpp_cost": "0.000", "worktype_id": 3}}, {"model": "progress.dpp_intervention", "pk": 363, "fields": {"haor_id": 7, "name": "Kanala Khal", "start_chainage": "0.000", "finish_chainage": "0.600", "length": "0.600", "volume": "0.000", "vent_no": 0, "dpp_cost": "0.000", "worktype_id": 3}}, {"model": "progress.dpp_intervention", "pk": 364, "fields": {"haor_id": 7, "name": "Kursi Khal", "start_chainage": "0.000", "finish_chainage": "2.900", "length": "2.900", "volume": "0.000", "vent_no": 0, "dpp_cost": "0.000", "worktype_id": 3}}, {"model": "progress.dpp_intervention", "pk": 365, "fields": {"haor_id": 7, "name": "Bamuna Khal", "start_chainage": "0.000", "finish_chainage": "1.500", "length": "1.500", "volume": "0.000", "vent_no": 0, "dpp_cost": "0.000", "worktype_id": 3}}, {"model": "progress.dpp_intervention", "pk": 366, "fields": {"haor_id": 7, "name": "Baduti Khal", "start_chainage": "0.000", "finish_chainage": "1.000", "length": "1.000", "volume": "0.000", "vent_no": 0, "dpp_cost": "0.000", "worktype_id": 3}}, {"model": "progress.dpp_intervention", "pk": 367, "fields": {"haor_id": 7, "name": "Burimara Khal", "start_chainage": "0.000", "finish_chainage": "0.500", "length": "0.500", "volume": "0.000", "vent_no": 0, "dpp_cost": "0.000", "worktype_id": 3}}, {"model": "progress.dpp_intervention", "pk": 368, "fields": {"haor_id": 7, "name": "Chouganga Khal", "start_chainage": "0.000", "finish_chainage": "0.200", "length": "0.200", "volume": "0.000", "vent_no": 0, "dpp_cost": "0.000", "worktype_id": 3}}, {"model": "progress.dpp_intervention", "pk": 369, "fields": {"haor_id": 7, "name": "Maora Khal", "start_chainage": "0.000", "finish_chainage": "1.700", "length": "1.700", "volume": "0.000", "vent_no": 0, "dpp_cost": "0.000", "worktype_id": 3}}, {"model": "progress.dpp_intervention", "pk": 370, "fields": {"haor_id": 3, "name": "Baur Khal", "start_chainage": "0.000", "finish_chainage": "0.600", "length": "0.600", "volume": "0.000", "vent_no": 0, "dpp_cost": "0.000", "worktype_id": 3}}, {"model": "progress.dpp_intervention", "pk": 371, "fields": {"haor_id": 3, "name": "Dora Nadi", "start_chainage": "0.000", "finish_chainage": "3.200", "length": "3.200", "volume": "0.000", "vent_no": 0, "dpp_cost": "0.000", "worktype_id": 4}}, {"model": "progress.dpp_intervention", "pk": 372, "fields": {"haor_id": 3, "name": "Rauli Nadi", "start_chainage": "0.000", "finish_chainage": "2.300", "length": "2.300", "volume": "0.000", "vent_no": 0, "dpp_cost": "0.000", "worktype_id": 4}}, {"model": "progress.dpp_intervention", "pk": 373, "fields": {"haor_id": 14, "name": "Submersible embankment in between km 0.020 to km 12.400=11.750", "start_chainage": "0.020", "finish_chainage": "12.400", "length": "11.750", "volume": "121987.998", "vent_no": null, "dpp_cost": null, "worktype_id": 2}}, {"model": "progress.dpp_intervention", "pk": 374, "fields": {"haor_id": 14, "name": "Construction of Submersible Embankment in between km 12.400 to km 23.260", "start_chainage": "12.400", "finish_chainage": "23.260", "length": "10.857", "volume": "109155.299", "vent_no": null, "dpp_cost": null, "worktype_id": 2}}, {"model": "progress.dpp_intervention", "pk": 375, "fields": {"haor_id": 5, "name": "Bata  Khal from km 0.000 to km 2.790", "start_chainage": "0.000", "finish_chainage": "2.790", "length": "2.790", "volume": null, "vent_no": null, "dpp_cost": null, "worktype_id": 3}}, {"model": "progress.contract_intervention", "pk": 104, "fields": {"contract_id": 2, "dpp_intervention_id": 13, "contract_component_id": 5, "so_id": null, "sde_id": null, "exen_id": null, "site_eng_id": null, "field_eng_id": null, "consultant_eng_id": null}}, {"model": "progress.contract_intervention", "pk": 105, "fields": {"contract_id": 3, "dpp_intervention_id": 309, "contract_component_id": 1, "so_id": null, "sde_id": null, "exen_id": 1, "site_eng_id": null, "field_eng_id": null, "consultant_eng_id": null}}, {"model": "progress.contract_intervention", "pk": 106, "fields": {"contract_id": 11, "dpp_intervention_id": 33, "contract_component_id": 1, "so_id": null, "sde_id": null, "exen_id": null, "site_eng_id": null, "field_eng_id": null, "consultant_eng_id": null}}, {"model": "progress.contract_intervention", "pk": 108, "fields": {"contract_id": 11, "dpp_intervention_id": 373, "contract_component_id": 2, "so_id": null, "sde_id": null, "exen_id": null, "site_eng_id": null, "field_eng_id": null, "consultant_eng_id": null}}, {"model": "progress.contract_intervention", "pk": 109, "fields": {"contract_id": 12, "dpp_intervention_id": 34, "contract_component_id": 1, "so_id": null, "sde_id": null, "exen_id": null, "site_eng_id": null, "field_eng_id": null, "consultant_eng_id": null}}, {"model": "progress.contract_intervention", "pk": 110, "fields": {"contract_id": 12, "dpp_intervention_id": 374, "contract_component_id": 2, "so_id": null, "sde_id": null, "exen_id": null, "site_eng_id": null, "field_eng_id": null, "consultant_eng_id": null}}, {"model": "progress.contract_intervention", "pk": 111, "fields": {"contract_id": 11, "dpp_intervention_id": 36, "contract_component_id": 1, "so_id": null, "sde_id": null, "exen_id": null, "site_eng_id": null, "field_eng_id": null, "consultant_eng_id": null}}, {"model": "progress.contract_intervention", "pk": 112, "fields": {"contract_id": 1, "dpp_intervention_id": 20, "contract_component_id": 1, "so_id": null, "sde_id": null, "exen_id": 4, "site_eng_id": null, "field_eng_id": null, "consultant_eng_id": null}}, {"model": "progress.contract_intervention", "pk": 113, "fields": {"contract_id": 1, "dpp_intervention_id": 1, "contract_component_id": 2, "so_id": null, "sde_id": null, "exen_id": 4, "site_eng_id": null, "field_eng_id": null, "consultant_eng_id": null}}, {"model": "progress.contract_intervention", "pk": 114, "fields": {"contract_id": 1, "dpp_intervention_id": 287, "contract_component_id": 3, "so_id": null, "sde_id": null, "exen_id": null, "site_eng_id": null, "field_eng_id": null, "consultant_eng_id": null}}, {"model": "progress.contract_intervention", "pk": 115, "fields": {"contract_id": 1, "dpp_intervention_id": 288, "contract_component_id": 3, "so_id": null, "sde_id": null, "exen_id": 4, "site_eng_id": null, "field_eng_id": null, "consultant_eng_id": null}}, {"model": "progress.contract_intervention", "pk": 116, "fields": {"contract_id": 1, "dpp_intervention_id": 289, "contract_component_id": 3, "so_id": null, "sde_id": null, "exen_id": null, "site_eng_id": 4, "field_eng_id": null, "consultant_eng_id": null}}, {"model": "progress.contract_intervention", "pk": 117, "fields": {"contract_id": 1, "dpp_intervention_id": 290, "contract_component_id": 3, "so_id": null, "sde_id": null, "exen_id": 4, "site_eng_id": null, "field_eng_id": null, "consultant_eng_id": null}}, {"model": "progress.contract_intervention", "pk": 118, "fields": {"contract_id": 1, "dpp_intervention_id": 375, "contract_component_id": 3, "so_id": null, "sde_id": null, "exen_id": null, "site_eng_id": null, "field_eng_id": null, "consultant_eng_id": null}}, {"model": "progress.contract_intervention", "pk": 119, "fields": {"contract_id": 22, "dpp_intervention_id": 59, "contract_component_id": 1, "so_id": null, "sde_id": null, "exen_id": 5, "site_eng_id": null, "field_eng_id": null, "consultant_eng_id": null}}, {"model": "progress.contract_intervention", "pk": 120, "fields": {"contract_id": 21, "dpp_intervention_id": 12, "contract_component_id": null, "so_id": null, "sde_id": null, "exen_id": 5, "site_eng_id": null, "field_eng_id": null, "consultant_eng_id": null}}, {"model": "progress.progressitem", "pk": 1, "fields": {"intervention_id": 105, "item_name": "Earth Work for filling", "unit": "cum", "quantity": "12000.000", "weight": "0.800", "startdate": "2019-03-05", "finishdate": "2019-03-05"}}, {"model": "progress.progressitem", "pk": 2, "fields": {"intervention_id": 104, "item_name": "Conccreting", "unit": "cum", "quantity": "100.000", "weight": "0.250", "startdate": "2019-03-05", "finishdate": "2019-03-05"}}, {"model": "progress.progressitem", "pk": 3, "fields": {"intervention_id": null, "item_name": "Earth work in filling", "unit": "cum", "quantity": "400.000", "weight": "0.100", "startdate": "2019-03-05", "finishdate": "2019-03-05"}}, {"model": "progress.progressitem", "pk": 4, "fields": {"intervention_id": null, "item_name": "Earth work in filling", "unit": "cum", "quantity": "400.000", "weight": "0.100", "startdate": "2019-03-05", "finishdate": "2019-03-05"}}, {"model": "progress.progressitem", "pk": 5, "fields": {"intervention_id": null, "item_name": "Earth work in filling", "unit": "cum", "quantity": "400.000", "weight": "0.100", "startdate": "2019-03-05", "finishdate": "2019-03-05"}}, {"model": "progress.progressitem", "pk": 6, "fields": {"intervention_id": null, "item_name": "Earth work in filling", "unit": "cum", "quantity": "400.000", "weight": "0.100", "startdate": "2019-03-05", "finishdate": "2019-03-05"}}, {"model": "progress.progressitem", "pk": 7, "fields": {"intervention_id": null, "item_name": "A first Item", "unit": "test", "quantity": "100.000", "weight": "70.995", "startdate": "2019-03-06", "finishdate": "2019-03-06"}}, {"model": "progress.progressitem", "pk": 8, "fields": {"intervention_id": null, "item_name": "A first Item", "unit": "test", "quantity": "100.000", "weight": "70.995", "startdate": "2019-03-06", "finishdate": "2019-03-06"}}, {"model": "progress.progressitem", "pk": 9, "fields": {"intervention_id": null, "item_name": "EW", "unit": "1", "quantity": "1.000", "weight": "1.000", "startdate": "2019-03-06", "finishdate": "2019-03-06"}}, {"model": "progress.progressitem", "pk": 10, "fields": {"intervention_id": null, "item_name": "A first Item", "unit": "eq", "quantity": "10.000", "weight": "0.900", "startdate": "2019-03-06", "finishdate": "2019-03-06"}}, {"model": "progress.progressitem", "pk": 11, "fields": {"intervention_id": null, "item_name": "A first Item", "unit": "eq", "quantity": "10.000", "weight": "0.900", "startdate": "2019-03-06", "finishdate": "2019-03-06"}}, {"model": "progress.progressitem", "pk": 12, "fields": {"intervention_id": null, "item_name": "A second test", "unit": "unknows", "quantity": "12.000", "weight": "1.000", "startdate": "2019-03-06", "finishdate": "2019-03-06"}}, {"model": "progress.progressitem", "pk": 13, "fields": {"intervention_id": null, "item_name": "A second test", "unit": "unknows", "quantity": "12.000", "weight": "1.000", "startdate": "2019-03-06", "finishdate": "2019-03-06"}}, {"model": "progress.progressitem", "pk": 14, "fields": {"intervention_id": null, "item_name": "A second test", "unit": "unknows", "quantity": "12.000", "weight": "1.000", "startdate": "2019-03-06", "finishdate": "2019-03-06"}}, {"model": "progress.progressitem", "pk": 15, "fields": {"intervention_id": null, "item_name": "A second test", "unit": "unknows", "quantity": "12.000", "weight": "1.000", "startdate": "2019-03-06", "finishdate": "2019-03-06"}}, {"model": "progress.progressitem", "pk": 16, "fields": {"intervention_id": null, "item_name": "EW", "unit": "234", "quantity": "12.000", "weight": "1.000", "startdate": "2019-03-06", "finishdate": "2019-03-06"}}, {"model": "progress.progressitem", "pk": 17, "fields": {"intervention_id": null, "item_name": "EW", "unit": "234", "quantity": "12.000", "weight": "1.000", "startdate": "2019-03-06", "finishdate": "2019-03-06"}}, {"model": "progress.progressitem", "pk": 18, "fields": {"intervention_id": null, "item_name": "EW", "unit": "1", "quantity": null, "weight": null, "startdate": "2019-03-06", "finishdate": "2019-03-06"}}, {"model": "progress.progressitem", "pk": 19, "fields": {"intervention_id": null, "item_name": "EW", "unit": "4", "quantity": null, "weight": null, "startdate": "2019-03-06", "finishdate": "2019-03-06"}}, {"model": "progress.progressitem", "pk": 20, "fields": {"intervention_id": null, "item_name": "EW", "unit": "4", "quantity": null, "weight": null, "startdate": "2019-03-06", "finishdate": "2019-03-06"}}, {"model": "progress.progressitem", "pk": 21, "fields": {"intervention_id": null, "item_name": "EW", "unit": "4", "quantity": null, "weight": null, "startdate": "2019-03-06", "finishdate": "2019-03-06"}}, {"model": "progress.progressitem", "pk": 22, "fields": {"intervention_id": null, "item_name": "EW", "unit": "1", "quantity": null, "weight": null, "startdate": "2019-03-06", "finishdate": "2019-03-06"}}, {"model": "progress.progressitem", "pk": 23, "fields": {"intervention_id": null, "item_name": "EW", "unit": "1", "quantity": null, "weight": null, "startdate": "2019-03-06", "finishdate": "2019-03-06"}}, {"model": "progress.progressitem", "pk": 24, "fields": {"intervention_id": null, "item_name": "EW", "unit": "6", "quantity": null, "weight": null, "startdate": "2019-03-06", "finishdate": "2019-03-06"}}, {"model": "progress.progressitem", "pk": 25, "fields": {"intervention_id": null, "item_name": "EW", "unit": "4", "quantity": null, "weight": null, "startdate": "2019-03-06", "finishdate": "2019-03-06"}}, {"model": "progress.progressitem", "pk": 26, "fields": {"intervention_id": null, "item_name": "EW", "unit": "4", "quantity": null, "weight": null, "startdate": "2019-03-06", "finishdate": "2019-03-06"}}, {"model": "progress.progressitem", "pk": 27, "fields": {"intervention_id": null, "item_name": "EW", "unit": "kw", "quantity": null, "weight": null, "startdate": "2019-03-06", "finishdate": "2019-03-06"}}, {"model": "progress.progressitem", "pk": 28, "fields": {"intervention_id": null, "item_name": "EW", "unit": "kwh", "quantity": null, "weight": null, "startdate": "2019-03-06", "finishdate": "2019-03-06"}}, {"model": "progress.progressitem", "pk": 29, "fields": {"intervention_id": null, "item_name": "ert", "unit": "honuman", "quantity": null, "weight": null, "startdate": "2019-03-06", "finishdate": "2019-03-06"}}, {"model": "progress.progressitem", "pk": 30, "fields": {"intervention_id": null, "item_name": "ert", "unit": "honuman", "quantity": null, "weight": null, "startdate": "2019-03-06", "finishdate": "2019-03-06"}}, {"model": "progress.progressitem", "pk": 31, "fields": {"intervention_id": null, "item_name": "habijabi", "unit": "anumanik", "quantity": null, "weight": null, "startdate": "2019-03-06", "finishdate": "2019-03-06"}}, {"model": "progress.progressitem", "pk": 32, "fields": {"intervention_id": null, "item_name": "Yei jindegi usi ki hai", "unit": "lata", "quantity": null, "weight": null, "startdate": "2019-03-06", "finishdate": "2019-03-06"}}, {"model": "progress.progressitem", "pk": 33, "fields": {"intervention_id": null, "item_name": "har ram har ram", "unit": "s d barman", "quantity": null, "weight": null, "startdate": "2019-03-06", "finishdate": "2019-03-06"}}, {"model": "progress.progressitem", "pk": 34, "fields": {"intervention_id": null, "item_name": "EW", "unit": "woh kon th", "quantity": "23.000", "weight": null, "startdate": "2019-03-06", "finishdate": "2019-03-06"}}, {"model": "progress.progressitem", "pk": 35, "fields": {"intervention_id": null, "item_name": "EW", "unit": "woh kon th", "quantity": "44.999", "weight": null, "startdate": "2019-03-06", "finishdate": "2019-03-06"}}, {"model": "progress.progressitem", "pk": 36, "fields": {"intervention_id": null, "item_name": "EW", "unit": "howa", "quantity": null, "weight": null, "startdate": "2019-03-06", "finishdate": "2019-03-06"}}, {"model": "progress.progressitem", "pk": 39, "fields": {"intervention_id": null, "item_name": "Another test item", "unit": "wer", "quantity": "12.000", "weight": "123.000", "startdate": "2019-03-06", "finishdate": "2019-03-06"}}, {"model": "progress.progressitem", "pk": 41, "fields": {"intervention_id": 104, "item_name": "EW", "unit": "qe", "quantity": null, "weight": null, "startdate": "2019-03-06", "finishdate": "2019-03-06"}}, {"model": "progress.progressitem", "pk": 42, "fields": {"intervention_id": 104, "item_name": "EW", "unit": "take this", "quantity": null, "weight": null, "startdate": "2019-03-06", "finishdate": "2019-03-06"}}, {"model": "progress.progressitem", "pk": 45, "fields": {"intervention_id": 106, "item_name": "Ring dyke", "unit": "cum", "quantity": "796.310", "weight": "0.600", "startdate": "2019-03-06", "finishdate": "2019-03-06"}}, {"model": "progress.progressitem", "pk": 46, "fields": {"intervention_id": 106, "item_name": "Excavatio", "unit": "cum", "quantity": "5208.350", "weight": "6.840", "startdate": "2019-03-06", "finishdate": "2019-03-06"}}, {"model": "progress.progressitem", "pk": 47, "fields": {"intervention_id": 106, "item_name": "Manufacturing CC Block", "unit": "Nos", "quantity": "13344.000", "weight": "24.110", "startdate": "2019-03-06", "finishdate": "2019-03-06"}}, {"model": "progress.progressitem", "pk": 48, "fields": {"intervention_id": 106, "item_name": "Sheet pile supply and driving", "unit": "meter", "quantity": "134.680", "weight": "15.330", "startdate": "2019-03-06", "finishdate": "2019-03-06"}}, {"model": "progress.progressitem", "pk": 49, "fields": {"intervention_id": 108, "item_name": "Ring dyke", "unit": "cum", "quantity": "796.310", "weight": "0.600", "startdate": "2019-03-06", "finishdate": "2019-03-06"}}, {"model": "progress.progressitem", "pk": 50, "fields": {"intervention_id": 120, "item_name": "Earth Work", "unit": "cum", "quantity": "256912.018", "weight": "0.600", "startdate": "2019-03-07", "finishdate": "2019-03-07"}}, {"model": "progress.progressitem", "pk": 51, "fields": {"intervention_id": 120, "item_name": "CC Block", "unit": "Nos", "quantity": "92477.000", "weight": "0.400", "startdate": "2019-03-07", "finishdate": "2019-03-07"}}, {"model": "progress.progressitem", "pk": 52, "fields": {"intervention_id": 113, "item_name": "Earth Filling", "unit": "cum", "quantity": "2953.000", "weight": "0.150", "startdate": "2019-03-07", "finishdate": "2019-03-07"}}, {"model": "progress.progressitem", "pk": 53, "fields": {"intervention_id": 114, "item_name": "Earth woork in cutting", "unit": "cum", "quantity": "45000.000", "weight": "0.250", "startdate": "2019-03-07", "finishdate": "2019-03-07"}}, {"model": "progress.progressitem", "pk": 54, "fields": {"intervention_id": 106, "item_name": "EW", "unit": "urut", "quantity": null, "weight": null, "startdate": "2019-03-12", "finishdate": "2019-03-12"}}, {"model": "progress.document", "pk": 1, "fields": {"description": null, "document": "documents/google_map_of_River_bank_erosion_of_Gorai_River_3xoNNCr.jpg", "uploaded_at": "2019-02-27T12:22:33.243Z", "uploaded_by": 1}}, {"model": "progress.document", "pk": 2, "fields": {"description": null, "document": "documents/google_map_of_River_bank_erosion_of_Gorai_River_OHx9J3N.jpg", "uploaded_at": "2019-02-27T12:32:43.871Z", "uploaded_by": 1}}, {"model": "progress.document", "pk": 3, "fields": {"description": null, "document": "documents/Vulnerable_Area.jpg", "uploaded_at": "2019-02-27T12:33:10.711Z", "uploaded_by": 1}}, {"model": "progress.document", "pk": 4, "fields": {"description": null, "document": "documents/Emergency_Index_Map.jpg", "uploaded_at": "2019-02-27T12:42:48.161Z", "uploaded_by": 1}}, {"model": "progress.document", "pk": 5, "fields": {"description": null, "document": "documents/NationalId.jpg", "uploaded_at": "2019-02-27T12:43:35.218Z", "uploaded_by": 1}}, {"model": "progress.document", "pk": 6, "fields": {"description": null, "document": "documents/Capture_01rfAjx.PNG", "uploaded_at": "2019-02-27T12:46:58.006Z", "uploaded_by": 1}}, {"model": "progress.document", "pk": 7, "fields": {"description": null, "document": "documents/2019/02/Capture.PNG", "uploaded_at": "2019-02-27T13:43:54.341Z", "uploaded_by": 1}}, {"model": "progress.document", "pk": 8, "fields": {"description": null, "document": "documents/2019/02/index.jpg", "uploaded_at": "2019-02-27T15:05:00.144Z", "uploaded_by": 1}}, {"model": "progress.constructionimage", "pk": 9, "fields": {"description": "Sheet Pile Driving", "image": "structures/2019/03/11/IMG_1631.JPG", "acquisition_date": "2019-03-11T23:39:17.237Z", "uploaded_at": "2019-03-11T17:39:17.247Z", "uploaded_by": 1, "structure_id": 120}}, {"model": "progress.constructionimage", "pk": 10, "fields": {"description": "Apron Construction", "image": "structures/2019/03/11/IMG_1763.JPG", "acquisition_date": "2019-03-11T23:39:57.487Z", "uploaded_at": "2019-03-11T17:39:57.507Z", "uploaded_by": 1, "structure_id": 120}}, {"model": "progress.constructionimage", "pk": 11, "fields": {"description": "Compation", "image": "structures/2019/03/11/IMG_20180318_141145.jpeg", "acquisition_date": "2019-03-11T23:55:02.001Z", "uploaded_at": "2019-03-11T17:55:02.001Z", "uploaded_by": 1, "structure_id": 108}}, {"model": "progress.constructionimage", "pk": 12, "fields": {"description": "Excavaion by Excavator", "image": "structures/2019/03/12/IMG_1581.JPG", "acquisition_date": "2019-03-12T00:17:30.833Z", "uploaded_at": "2019-03-11T18:17:30.843Z", "uploaded_by": 1, "structure_id": 116}}, {"model": "progress.progress_quantity", "pk": 10, "fields": {"progress_item_id": 50, "date": "2019-03-09", "quantity": "45000.000", "user_id": 1, "document_id": null}}, {"model": "progress.progress_quantity", "pk": 11, "fields": {"progress_item_id": 51, "date": "2019-03-09", "quantity": "78000.000", "user_id": 1, "document_id": null}}, {"model": "progress.progress_quantity", "pk": 12, "fields": {"progress_item_id": 50, "date": "2019-03-09", "quantity": "35000.000", "user_id": 1, "document_id": null}}, {"model": "progress.progress_quantity", "pk": 13, "fields": {"progress_item_id": 51, "date": "2019-03-09", "quantity": "11000.000", "user_id": 1, "document_id": null}}, {"model": "progress.progress_quantity", "pk": 14, "fields": {"progress_item_id": 50, "date": "2019-03-09", "quantity": "45000.000", "user_id": 1, "document_id": null}}, {"model": "progress.progress_quantity", "pk": 15, "fields": {"progress_item_id": 51, "date": "2019-03-09", "quantity": "23000.000", "user_id": 1, "document_id": null}}, {"model": "progress.progress_quantity", "pk": 16, "fields": {"progress_item_id": 50, "date": "2019-03-09", "quantity": "47000.000", "user_id": 1, "document_id": null}}, {"model": "progress.progress_quantity", "pk": 17, "fields": {"progress_item_id": 51, "date": "2019-03-09", "quantity": "20000.000", "user_id": 1, "document_id": null}}, {"model": "progress.progress_quantity", "pk": 18, "fields": {"progress_item_id": 2, "date": "2019-03-09", "quantity": "11.000", "user_id": 1, "document_id": null}}, {"model": "progress.progress_quantity", "pk": 19, "fields": {"progress_item_id": 41, "date": "2019-03-09", "quantity": "0.000", "user_id": 1, "document_id": null}}, {"model": "progress.progress_quantity", "pk": 20, "fields": {"progress_item_id": 42, "date": "2019-03-09", "quantity": "0.000", "user_id": 1, "document_id": null}}, {"model": "progress.progress_quantity", "pk": 21, "fields": {"progress_item_id": 41, "date": "2019-03-09", "quantity": "14.000", "user_id": 1, "document_id": null}}, {"model": "progress.progress_quantity", "pk": 22, "fields": {"progress_item_id": 42, "date": "2019-03-09", "quantity": "15.000", "user_id": 1, "document_id": null}}, {"model": "progress.progress_quantity", "pk": 23, "fields": {"progress_item_id": 2, "date": "2019-03-09", "quantity": "23.000", "user_id": 1, "document_id": null}}, {"model": "progress.progress_quantity", "pk": 24, "fields": {"progress_item_id": 50, "date": "2019-03-09", "quantity": "50000.000", "user_id": 1, "document_id": null}}, {"model": "progress.progress_quantity", "pk": 25, "fields": {"progress_item_id": 51, "date": "2019-03-09", "quantity": "40000.000", "user_id": 1, "document_id": null}}, {"model": "progress.progress_quantity", "pk": 26, "fields": {"progress_item_id": 53, "date": "2019-03-12", "quantity": "12000.000", "user_id": 1, "document_id": null}}]